{"metadata":{"artist":"Rolemusic","charter":"DPS2004","songname":"Shinamon No Neko","description":"qwertyuiop"},"bpm":112.666666,"events":[{"angle":75,"played":false,"speedmult":1,"type":"beat","time":95.75,"autoplayed":false,"endangle":75},{"angle":60,"played":false,"speedmult":1,"type":"beat","time":95.5,"autoplayed":false,"endangle":60},{"angle":75,"played":false,"speedmult":1,"type":"beat","time":95.25,"autoplayed":false,"endangle":75},{"angle":60,"played":false,"speedmult":1,"type":"beat","time":95,"autoplayed":false,"endangle":60},{"angle":45,"played":false,"speedmult":1,"type":"beat","time":94.75,"autoplayed":false,"endangle":45},{"angle":30,"played":false,"speedmult":1,"type":"beat","time":94.5,"autoplayed":false,"endangle":30},{"angle":45,"played":false,"speedmult":1,"type":"beat","time":94.25,"autoplayed":false,"endangle":45},{"angle":30,"played":false,"speedmult":1,"type":"beat","time":94,"autoplayed":false,"endangle":30},{"angle":30,"played":false,"speedmult":1,"type":"beat","time":93.5,"autoplayed":false,"endangle":30},{"angle":45,"played":false,"speedmult":1,"type":"beat","time":93,"autoplayed":false,"endangle":45},{"angle":60,"played":false,"speedmult":1,"type":"beat","time":92.75,"autoplayed":false,"endangle":60},{"angle":60,"played":false,"speedmult":1,"type":"beat","time":92,"autoplayed":false,"endangle":60},{"angle":60,"played":false,"speedmult":1,"type":"beat","time":111.75,"autoplayed":false,"endangle":60},{"angle":30,"played":false,"speedmult":1,"type":"beat","time":111.5,"autoplayed":false,"endangle":30},{"angle":15,"played":false,"speedmult":1,"type":"beat","time":111.25,"autoplayed":false,"endangle":15},{"angle":0,"played":false,"speedmult":1,"type":"beat","time":111,"autoplayed":false,"endangle":0},{"angle":345,"played":false,"speedmult":1,"type":"beat","time":110.75,"autoplayed":false,"endangle":345},{"angle":330,"played":false,"speedmult":1,"type":"beat","time":110.5,"autoplayed":false,"endangle":330},{"angle":315,"played":false,"speedmult":1,"type":"beat","time":110.25,"autoplayed":false,"endangle":315},{"angle":300,"played":false,"speedmult":1,"type":"beat","time":110,"autoplayed":false,"endangle":300},{"angle":315,"played":false,"speedmult":1,"type":"beat","time":109.5,"autoplayed":false,"endangle":315},{"angle":285,"played":false,"speedmult":1,"type":"beat","time":108.5,"autoplayed":false,"endangle":285},{"angle":285,"played":false,"speedmult":1,"type":"beat","time":108,"autoplayed":false,"endangle":285},{"angle":240,"played":false,"speedmult":1,"type":"beat","time":107.5,"autoplayed":false,"endangle":240},{"angle":300,"played":false,"speedmult":1,"type":"beat","time":109,"autoplayed":false,"endangle":300},{"angle":270,"played":false,"speedmult":1,"type":"beat","time":108.75,"autoplayed":false,"endangle":270},{"angle":270,"played":false,"speedmult":1,"type":"beat","time":107,"autoplayed":false,"endangle":270},{"angle":300,"played":false,"speedmult":1,"type":"beat","time":106.5,"autoplayed":false,"endangle":300},{"angle2":90,"angle1":90,"duration":3,"speedmult":1,"type":"hold","time":88,"autoplayed":false,"played":false},{"angle2":0,"angle1":30,"duration":0.5,"speedmult":1,"type":"hold","time":84,"autoplayed":false,"played":false},{"angle2":0,"angle1":30,"duration":0.5,"speedmult":1,"type":"hold","time":83,"autoplayed":false,"played":false},{"angle2":30,"angle1":60,"duration":0.5,"speedmult":1,"type":"hold","time":82,"autoplayed":false,"played":false},{"angle2":30,"angle1":30,"duration":1.5,"speedmult":1,"type":"hold","time":80,"autoplayed":false,"played":false},{"angle2":30,"angle1":30,"duration":0.75,"speedmult":1,"type":"hold","time":79,"autoplayed":false,"played":false},{"angle2":-60,"angle1":0,"duration":4,"speedmult":1,"type":"hold","time":72,"autoplayed":false,"played":false},{"angle2":0,"angle1":0,"duration":0.75,"time":71,"type":"hold","speedmult":1,"autoplayed":false,"played":false},{"angle2":0,"angle1":0,"duration":0.75,"time":70,"type":"hold","speedmult":1,"autoplayed":false,"played":false},{"angle2":0,"angle1":0,"duration":3,"time":64,"type":"hold","speedmult":1,"autoplayed":false,"played":false},{"angle2":30,"angle1":30,"duration":2,"played":false,"type":"hold","time":62,"autoplayed":false,"speedmult":1},{"angle2":75,"angle1":75,"duration":2,"played":false,"type":"hold","time":60,"autoplayed":false,"speedmult":1},{"angle2":120,"angle1":120,"duration":2,"speedmult":1,"type":"hold","time":58,"autoplayed":false,"played":false},{"angle2":135,"angle1":135,"duration":2,"speedmult":1,"type":"hold","time":56,"autoplayed":false,"played":false},{"angle2":90,"angle1":90,"duration":2,"speedmult":1,"type":"hold","time":54,"autoplayed":false,"played":false},{"angle2":60,"angle1":60,"duration":2,"speedmult":1,"type":"hold","time":52,"autoplayed":false,"played":false},{"angle2":30,"angle1":30,"duration":2,"speedmult":1,"type":"hold","time":50,"autoplayed":false,"played":false},{"angle2":0,"angle1":0,"duration":2,"speedmult":1,"type":"hold","time":48,"autoplayed":false,"played":false},{"angle":330,"played":false,"endangle":330,"type":"beat","speedmult":1,"autoplayed":false,"time":47.5},{"angle":30,"played":false,"endangle":30,"type":"beat","speedmult":1,"autoplayed":false,"time":46.5},{"angle":270,"played":false,"time":106,"endangle":270,"speedmult":1,"autoplayed":false,"type":"beat"},{"angle":300,"played":false,"time":105.5,"endangle":300,"speedmult":1,"autoplayed":false,"type":"beat"},{"angle":315,"played":false,"time":105,"endangle":315,"speedmult":1,"autoplayed":false,"type":"beat"},{"angle":300,"played":false,"time":104.75,"endangle":300,"speedmult":1,"autoplayed":false,"type":"beat"},{"angle":285,"played":false,"time":104.5,"endangle":285,"speedmult":1,"autoplayed":false,"type":"beat"},{"angle":45,"played":false,"time":101.5,"endangle":45,"speedmult":1,"autoplayed":false,"type":"beat"},{"angle":270,"played":false,"time":104,"endangle":270,"speedmult":1,"autoplayed":false,"type":"beat"},{"angle":300,"played":false,"time":103.75,"endangle":300,"speedmult":1,"autoplayed":false,"type":"beat"},{"angle":330,"played":false,"time":103.5,"endangle":330,"speedmult":1,"autoplayed":false,"type":"beat"},{"angle":345,"played":false,"time":103.25,"endangle":345,"speedmult":1,"autoplayed":false,"type":"beat"},{"angle":0,"played":false,"time":103,"endangle":0,"speedmult":1,"autoplayed":false,"type":"beat"},{"angle":15,"played":false,"time":102.75,"endangle":15,"speedmult":1,"autoplayed":false,"type":"beat"},{"angle":30,"played":false,"time":102.5,"endangle":30,"speedmult":1,"autoplayed":false,"type":"beat"},{"angle":45,"played":false,"time":102.25,"endangle":45,"speedmult":1,"autoplayed":false,"type":"beat"},{"angle":60,"played":false,"time":102,"endangle":60,"speedmult":1,"autoplayed":false,"type":"beat"},{"angle":60,"played":false,"time":101,"endangle":60,"speedmult":1,"autoplayed":false,"type":"beat"},{"angle":90,"played":false,"time":100.75,"endangle":90,"speedmult":1,"autoplayed":false,"type":"beat"},{"angle":120,"played":false,"time":100.5,"endangle":120,"speedmult":1,"autoplayed":false,"type":"beat"},{"angle":120,"played":false,"time":100,"endangle":120,"speedmult":1,"autoplayed":false,"type":"beat"},{"angle":120,"played":false,"time":99.5,"endangle":120,"speedmult":1,"autoplayed":false,"type":"beat"},{"angle":90,"played":false,"time":99,"endangle":90,"speedmult":1,"autoplayed":false,"type":"beat"},{"angle":60,"played":false,"time":98.5,"endangle":60,"speedmult":1,"autoplayed":false,"type":"beat"},{"angle":90,"played":false,"time":98,"endangle":90,"speedmult":1,"autoplayed":false,"type":"beat"},{"angle":60,"played":false,"time":97.5,"endangle":60,"speedmult":1,"autoplayed":false,"type":"beat"},{"angle":45,"played":false,"time":97,"endangle":45,"speedmult":1,"autoplayed":false,"type":"beat"},{"angle":60,"played":false,"time":96.75,"endangle":60,"speedmult":1,"autoplayed":false,"type":"beat"},{"angle":75,"played":false,"time":96.5,"endangle":75,"speedmult":1,"autoplayed":false,"type":"beat"},{"angle":90,"played":false,"time":96,"endangle":90,"speedmult":1,"autoplayed":false,"type":"beat"},{"angle":90,"played":false,"type":"beat","endangle":90,"time":87.5,"autoplayed":false,"speedmult":1},{"angle":75,"played":false,"type":"beat","endangle":75,"time":87.25,"autoplayed":false,"speedmult":1},{"angle":60,"played":false,"type":"beat","endangle":60,"time":87,"autoplayed":false,"speedmult":1},{"angle":60,"played":false,"type":"beat","endangle":60,"time":86.5,"autoplayed":false,"speedmult":1},{"angle":30,"played":false,"type":"beat","endangle":30,"time":86,"autoplayed":false,"speedmult":1},{"angle":0,"played":false,"type":"beat","endangle":0,"time":85.5,"autoplayed":false,"speedmult":1},{"angle":345,"played":false,"type":"beat","endangle":345,"time":85.25,"autoplayed":false,"speedmult":1},{"angle":330,"played":false,"type":"beat","endangle":330,"time":85,"autoplayed":false,"speedmult":1},{"angle":0,"played":false,"type":"beat","endangle":0,"time":69,"autoplayed":false,"speedmult":1},{"angle":30,"played":false,"type":"beat","endangle":30,"time":68.5,"autoplayed":false,"speedmult":1},{"angle":0,"played":false,"type":"beat","endangle":0,"time":68,"autoplayed":false,"speedmult":1},{"angle":0,"played":false,"speedmult":1,"type":"beat","time":47,"autoplayed":false,"endangle":0},{"angle":330,"played":false,"speedmult":1,"type":"beat","time":45.5,"autoplayed":false,"endangle":330},{"angle":315,"played":false,"speedmult":1,"type":"beat","time":45.25,"autoplayed":false,"endangle":315},{"angle":0,"played":false,"endangle":0,"type":"beat","speedmult":1,"autoplayed":false,"time":46},{"angle":345,"played":false,"endangle":345,"type":"beat","speedmult":1,"autoplayed":false,"time":45.75},{"angle":0,"played":false,"endangle":0,"type":"beat","speedmult":1,"autoplayed":false,"time":45},{"angle":15,"played":false,"endangle":15,"type":"beat","speedmult":1,"autoplayed":false,"time":44.75},{"angle":30,"played":false,"endangle":30,"type":"beat","speedmult":1,"autoplayed":false,"time":44.5},{"angle":45,"played":false,"endangle":45,"type":"beat","speedmult":1,"autoplayed":false,"time":44.25},{"angle":0,"played":false,"endangle":0,"type":"beat","speedmult":1,"autoplayed":false,"time":44},{"angle":345,"played":false,"endangle":345,"type":"beat","speedmult":1,"autoplayed":false,"time":43.75},{"angle":330,"played":false,"endangle":330,"type":"beat","speedmult":1,"autoplayed":false,"time":43.5},{"angle":315,"played":false,"endangle":315,"type":"beat","speedmult":1,"autoplayed":false,"time":43.25},{"angle":0,"played":false,"endangle":0,"type":"beat","speedmult":1,"autoplayed":false,"time":43},{"angle":15,"played":false,"endangle":15,"type":"beat","speedmult":1,"autoplayed":false,"time":42.75},{"angle":30,"played":false,"endangle":30,"type":"beat","speedmult":1,"autoplayed":false,"time":42.5},{"angle":45,"played":false,"endangle":45,"type":"beat","speedmult":1,"autoplayed":false,"time":42.25},{"angle":0,"played":false,"endangle":0,"type":"beat","speedmult":1,"autoplayed":false,"time":42},{"angle":345,"played":false,"endangle":345,"type":"beat","speedmult":1,"autoplayed":false,"time":41.75},{"angle":330,"played":false,"endangle":330,"type":"beat","speedmult":1,"autoplayed":false,"time":41.5},{"angle":315,"played":false,"endangle":315,"type":"beat","speedmult":1,"autoplayed":false,"time":41.25},{"angle":0,"played":false,"endangle":0,"type":"beat","speedmult":1,"autoplayed":false,"time":41},{"angle":15,"played":false,"endangle":15,"type":"beat","speedmult":1,"autoplayed":false,"time":40.75},{"angle":30,"played":false,"endangle":30,"type":"beat","speedmult":1,"autoplayed":false,"time":40.5},{"angle":45,"played":false,"endangle":45,"type":"beat","speedmult":1,"autoplayed":false,"time":40.25},{"angle":60,"played":false,"endangle":60,"type":"beat","speedmult":1,"autoplayed":false,"time":40},{"angle":75,"played":false,"endangle":75,"type":"beat","speedmult":1,"autoplayed":false,"time":39.75},{"angle":90,"played":false,"endangle":90,"type":"beat","speedmult":1,"autoplayed":false,"time":39.5},{"angle":105,"played":false,"endangle":105,"type":"beat","speedmult":1,"autoplayed":false,"time":39.25},{"angle":120,"played":false,"endangle":120,"type":"beat","speedmult":1,"autoplayed":false,"time":39},{"angle":135,"played":false,"endangle":135,"type":"beat","speedmult":1,"autoplayed":false,"time":38.75},{"angle":150,"played":false,"endangle":150,"type":"beat","speedmult":1,"autoplayed":false,"time":38.5},{"angle":165,"played":false,"endangle":165,"type":"beat","speedmult":1,"autoplayed":false,"time":38.25},{"angle":180,"played":false,"endangle":180,"type":"beat","speedmult":1,"autoplayed":false,"time":38},{"angle":165,"played":false,"endangle":165,"type":"beat","speedmult":1,"autoplayed":false,"time":37.75},{"angle":150,"played":false,"endangle":150,"type":"beat","speedmult":1,"autoplayed":false,"time":37.5},{"angle":135,"played":false,"endangle":135,"type":"beat","speedmult":1,"autoplayed":false,"time":37.25},{"angle":120,"played":false,"endangle":120,"type":"beat","speedmult":1,"autoplayed":false,"time":37},{"angle":105,"played":false,"endangle":105,"type":"beat","speedmult":1,"autoplayed":false,"time":36.75},{"angle":90,"played":false,"endangle":90,"type":"beat","speedmult":1,"autoplayed":false,"time":36.5},{"angle":75,"played":false,"endangle":75,"type":"beat","speedmult":1,"autoplayed":false,"time":36.25},{"angle":60,"played":false,"endangle":60,"type":"beat","speedmult":1,"autoplayed":false,"time":36},{"angle":45,"played":false,"endangle":45,"type":"beat","speedmult":1,"autoplayed":false,"time":35.75},{"angle":30,"played":false,"endangle":30,"type":"beat","speedmult":1,"autoplayed":false,"time":35.5},{"angle":15,"played":false,"endangle":15,"type":"beat","speedmult":1,"autoplayed":false,"time":35.25},{"angle":0,"played":false,"endangle":0,"type":"beat","speedmult":1,"autoplayed":false,"time":35},{"angle":315,"played":false,"endangle":315,"type":"beat","speedmult":1,"autoplayed":false,"time":34.75},{"angle":330,"played":false,"endangle":330,"type":"beat","speedmult":1,"autoplayed":false,"time":34.5},{"angle":345,"played":false,"endangle":345,"type":"beat","speedmult":1,"autoplayed":false,"time":34.25},{"angle":0,"played":false,"endangle":0,"type":"beat","speedmult":1,"autoplayed":false,"time":34},{"angle":45,"played":false,"endangle":45,"type":"beat","speedmult":1,"autoplayed":false,"time":33.75},{"angle":30,"played":false,"endangle":30,"type":"beat","speedmult":1,"autoplayed":false,"time":33.5},{"angle":15,"played":false,"endangle":15,"type":"beat","speedmult":1,"autoplayed":false,"time":33.25},{"angle":0,"played":false,"endangle":0,"type":"beat","speedmult":1,"autoplayed":false,"time":33},{"angle":315,"played":false,"endangle":315,"type":"beat","speedmult":1,"autoplayed":false,"time":32.75},{"angle":330,"played":false,"endangle":330,"type":"beat","speedmult":1,"autoplayed":false,"time":32.5},{"angle":345,"played":false,"endangle":345,"type":"beat","speedmult":1,"autoplayed":false,"time":32.25},{"angle":0,"played":false,"time":32,"endangle":0,"speedmult":1,"autoplayed":false,"type":"beat"},{"angle":30,"played":false,"time":31.5,"endangle":30,"speedmult":1,"autoplayed":false,"type":"beat"},{"angle":60,"played":false,"time":31,"endangle":60,"speedmult":1,"autoplayed":false,"type":"beat"},{"angle":90,"played":false,"time":30.5,"endangle":90,"speedmult":1,"autoplayed":false,"type":"beat"},{"angle":120,"played":false,"time":30,"endangle":120,"speedmult":1,"autoplayed":false,"type":"beat"},{"angle":105,"played":false,"time":29.5,"endangle":105,"speedmult":1,"autoplayed":false,"type":"beat"},{"angle":90,"played":false,"time":29,"endangle":90,"speedmult":1,"autoplayed":false,"type":"beat"},{"angle":75,"played":false,"time":28.5,"endangle":75,"speedmult":1,"autoplayed":false,"type":"beat"},{"angle":60,"played":false,"time":28,"endangle":60,"speedmult":1,"autoplayed":false,"type":"beat"},{"angle":15,"played":false,"time":27.5,"endangle":15,"speedmult":1,"autoplayed":false,"type":"beat"},{"angle":30,"played":false,"time":27,"endangle":30,"speedmult":1,"autoplayed":false,"type":"beat"},{"angle":45,"played":false,"time":26.5,"endangle":45,"speedmult":1,"autoplayed":false,"type":"beat"},{"angle":60,"played":false,"time":26,"endangle":60,"speedmult":1,"autoplayed":false,"type":"beat"},{"angle":105,"played":false,"time":25.5,"endangle":105,"speedmult":1,"autoplayed":false,"type":"beat"},{"angle":90,"played":false,"time":25,"endangle":90,"speedmult":1,"autoplayed":false,"type":"beat"},{"angle":75,"played":false,"time":24.5,"endangle":75,"speedmult":1,"autoplayed":false,"type":"beat"},{"angle":60,"played":false,"time":24,"endangle":60,"speedmult":1,"autoplayed":false,"type":"beat"},{"angle":45,"played":false,"time":23.5,"endangle":45,"speedmult":1,"autoplayed":false,"type":"beat"},{"angle":30,"played":false,"time":23,"endangle":30,"speedmult":1,"autoplayed":false,"type":"beat"},{"angle":15,"played":false,"time":22.5,"endangle":15,"speedmult":1,"autoplayed":false,"type":"beat"},{"angle":0,"played":false,"time":22,"endangle":0,"speedmult":1,"autoplayed":false,"type":"beat"},{"angle":45,"played":false,"time":21.5,"endangle":45,"speedmult":1,"autoplayed":false,"type":"beat"},{"angle":30,"played":false,"time":21,"endangle":30,"speedmult":1,"autoplayed":false,"type":"beat"},{"angle":15,"played":false,"time":20.5,"endangle":15,"speedmult":1,"autoplayed":false,"type":"beat"},{"angle":315,"played":false,"time":19.5,"endangle":315,"speedmult":1,"autoplayed":false,"type":"beat"},{"angle":330,"played":false,"time":19,"endangle":330,"speedmult":1,"autoplayed":false,"type":"beat"},{"angle":345,"played":false,"time":18.5,"endangle":345,"speedmult":1,"autoplayed":false,"type":"beat"},{"angle":0,"played":false,"time":20,"endangle":0,"speedmult":1,"autoplayed":false,"type":"beat"},{"angle":0,"played":false,"time":18,"endangle":0,"speedmult":1,"autoplayed":false,"type":"beat"},{"angle":315,"played":false,"time":17.5,"endangle":315,"speedmult":1,"autoplayed":false,"type":"beat"},{"angle":330,"played":false,"time":17,"endangle":330,"speedmult":1,"autoplayed":false,"type":"beat"},{"angle":345,"played":false,"time":16.5,"endangle":345,"speedmult":1,"autoplayed":false,"type":"beat"},{"angle":0,"played":false,"time":16,"endangle":0,"speedmult":1,"autoplayed":false,"type":"beat"},{"angle":330,"played":false,"time":15.5,"endangle":330,"speedmult":1,"autoplayed":false,"type":"beat"},{"angle":300,"played":false,"time":15,"endangle":300,"speedmult":1,"autoplayed":false,"type":"beat"},{"angle":270,"played":false,"time":14.5,"endangle":270,"speedmult":1,"autoplayed":false,"type":"beat"},{"angle":240,"played":false,"time":14,"endangle":240,"speedmult":1,"autoplayed":false,"type":"beat"},{"angle":255,"played":false,"time":13.5,"endangle":255,"speedmult":1,"autoplayed":false,"type":"beat"},{"angle":270,"played":false,"time":13,"endangle":270,"speedmult":1,"autoplayed":false,"type":"beat"},{"angle":285,"played":false,"time":12.5,"endangle":285,"speedmult":1,"autoplayed":false,"type":"beat"},{"angle":345,"played":false,"time":11.5,"endangle":345,"speedmult":1,"autoplayed":false,"type":"beat"},{"angle":330,"played":false,"time":11,"endangle":330,"speedmult":1,"autoplayed":false,"type":"beat"},{"angle":315,"played":false,"time":10.5,"endangle":315,"speedmult":1,"autoplayed":false,"type":"beat"},{"angle":300,"played":false,"time":12,"endangle":300,"speedmult":1,"autoplayed":false,"type":"beat"},{"angle":300,"played":false,"time":10,"endangle":300,"speedmult":1,"autoplayed":false,"type":"beat"},{"angle":255,"played":false,"time":9.5,"endangle":255,"speedmult":1,"autoplayed":false,"type":"beat"},{"angle":270,"played":false,"time":9,"endangle":270,"speedmult":1,"autoplayed":false,"type":"beat"},{"angle":285,"played":false,"time":8.5,"endangle":285,"speedmult":1,"autoplayed":false,"type":"beat"},{"angle":300,"played":false,"time":8,"endangle":300,"speedmult":1,"autoplayed":false,"type":"beat"},{"angle":315,"played":false,"time":7.5,"endangle":315,"speedmult":1,"autoplayed":false,"type":"beat"},{"angle":330,"played":false,"time":7,"endangle":330,"speedmult":1,"autoplayed":false,"type":"beat"},{"angle":345,"played":false,"time":6.5,"endangle":345,"speedmult":1,"autoplayed":false,"type":"beat"},{"angle":0,"played":false,"time":6,"endangle":0,"speedmult":1,"autoplayed":false,"type":"beat"},{"angle":315,"played":false,"time":5.5,"endangle":315,"speedmult":1,"autoplayed":false,"type":"beat"},{"angle":330,"played":false,"time":5,"endangle":330,"speedmult":1,"autoplayed":false,"type":"beat"},{"angle":345,"played":false,"time":4.5,"endangle":345,"speedmult":1,"autoplayed":false,"type":"beat"},{"angle":0,"played":false,"time":4,"endangle":0,"speedmult":1,"autoplayed":false,"type":"beat"},{"angle":45,"played":false,"time":3.5,"endangle":45,"speedmult":1,"autoplayed":false,"type":"beat"},{"angle":30,"played":false,"time":3,"endangle":30,"speedmult":1,"autoplayed":false,"type":"beat"},{"angle":15,"played":false,"time":2.5,"endangle":15,"speedmult":1,"autoplayed":false,"type":"beat"},{"angle":0,"played":false,"time":2,"endangle":0,"speedmult":1,"autoplayed":false,"type":"beat"},{"angle":45,"played":false,"time":1.5,"endangle":45,"speedmult":1,"autoplayed":false,"type":"beat"},{"angle":30,"played":false,"time":1,"endangle":30,"speedmult":1,"autoplayed":false,"type":"beat"},{"angle":15,"played":false,"time":0.5,"endangle":15,"speedmult":1,"autoplayed":false,"type":"beat"},{"bpm":112.666666,"played":false,"type":"play","time":0,"autoplayed":false,"file":"shinamon.wav"},{"angle":0,"played":false,"type":"beat","speedmult":1,"autoplayed":false,"time":0}],"properties":{"startbeat":0,"offset":8,"speed":40}}