{"metadata":{"artist":"DPS2004","charter":"DPS2004 + Rikri","songname":"Drillmin Level 1","description":"qwertyuiop"},"bpm":180,"events":[{"angle":300,"played":false,"speedmult":1,"type":"mine","time":143,"autoplayed":false,"endangle":300},{"angle":180,"played":false,"endangle":180,"type":"mine","speedmult":1,"autoplayed":false,"time":64},{"angle2":150,"angle1":0,"duration":3.5,"played":false,"type":"minehold","speedmult":1,"autoplayed":false,"time":60},{"angle":0,"played":false,"time":0,"endangle":0,"speedmult":1,"autoplayed":false,"type":"beat"},{"angle":210,"played":false,"speedmult":1,"type":"beat","time":143.5,"autoplayed":false,"endangle":210},{"angle":240,"played":false,"speedmult":1,"type":"beat","time":143,"autoplayed":false,"endangle":240},{"angle":150,"played":false,"speedmult":1,"type":"beat","time":157.5,"autoplayed":false,"endangle":150},{"angle":120,"played":false,"speedmult":1,"type":"beat","time":157,"autoplayed":false,"endangle":120},{"angle":150,"played":false,"speedmult":1,"type":"beat","time":156.5,"autoplayed":false,"endangle":150},{"angle":270,"played":false,"speedmult":1,"type":"beat","time":159.5,"autoplayed":false,"endangle":270},{"angle":240,"played":false,"speedmult":1,"type":"beat","time":159,"autoplayed":false,"endangle":240},{"angle":210,"played":false,"speedmult":1,"type":"beat","time":158.5,"autoplayed":false,"endangle":210},{"angle":180,"played":false,"speedmult":1,"type":"beat","time":158,"autoplayed":false,"endangle":180},{"angle1":0,"duration":4,"holdease":"OutQuad","speedmult":1,"autoplayed":false,"angle2":-180,"played":false,"type":"hold","time":152},{"angle1":0,"duration":2,"holdease":"OutQuad","speedmult":1,"autoplayed":false,"angle2":-90,"played":false,"type":"hold","time":148},{"angle1":90,"duration":2,"holdease":"OutQuad","speedmult":1,"autoplayed":false,"angle2":0,"played":false,"type":"hold","time":146},{"angle1":180,"duration":2,"holdease":"OutQuad","speedmult":1,"autoplayed":false,"angle2":90,"played":false,"type":"hold","time":144},{"angle":150,"played":false,"speedmult":1,"type":"beat","time":127.5,"autoplayed":false,"endangle":150},{"angle":120,"played":false,"speedmult":1,"type":"beat","time":127,"autoplayed":false,"endangle":120},{"angle1":180,"duration":6.5,"holdease":"OutQuad","speedmult":1,"autoplayed":false,"angle2":-90,"played":false,"type":"hold","time":136},{"angle1":270,"duration":2,"holdease":"InQuad","speedmult":1,"autoplayed":false,"angle2":180,"played":false,"type":"hold","time":134},{"angle1":0,"duration":2,"holdease":"OutQuad","speedmult":1,"autoplayed":false,"angle2":-90,"played":false,"type":"hold","time":132},{"angle1":90,"duration":2,"holdease":"OutQuad","speedmult":1,"autoplayed":false,"angle2":0,"played":false,"type":"hold","time":130},{"angle1":180,"duration":2,"holdease":"OutQuad","speedmult":1,"autoplayed":false,"angle2":90,"played":false,"type":"hold","time":128},{"angle1":270,"duration":2,"holdease":"InQuad","speedmult":1,"autoplayed":false,"angle2":360,"played":false,"type":"hold","time":150},{"angle1":180,"duration":6.5,"holdease":"OutQuad","speedmult":1,"autoplayed":false,"angle2":450,"played":false,"type":"hold","time":120},{"angle1":90,"duration":2,"holdease":"InQuad","speedmult":1,"autoplayed":false,"angle2":180,"played":false,"type":"hold","time":118},{"angle1":0,"duration":2,"holdease":"OutQuad","speedmult":1,"autoplayed":false,"angle2":90,"played":false,"type":"hold","time":116},{"angle1":270,"duration":2,"holdease":"OutQuad","speedmult":1,"autoplayed":false,"angle2":360,"played":false,"type":"hold","time":114},{"angle1":180,"duration":2,"holdease":"OutQuad","speedmult":1,"autoplayed":false,"angle2":270,"played":false,"type":"hold","time":112},{"angle":150,"played":false,"speedmult":1,"type":"beat","time":111.5,"autoplayed":false,"endangle":150},{"angle":120,"played":false,"speedmult":1,"type":"beat","time":111,"autoplayed":false,"endangle":120},{"angle1":180,"duration":6.5,"holdease":"OutQuad","speedmult":1,"autoplayed":false,"angle2":450,"played":false,"type":"hold","time":104},{"angle1":90,"duration":2,"holdease":"InQuad","speedmult":1,"autoplayed":false,"angle2":180,"played":false,"type":"hold","time":102},{"angle1":0,"duration":2,"holdease":"OutQuad","speedmult":1,"autoplayed":false,"angle2":90,"played":false,"type":"hold","time":100},{"angle":150,"played":false,"speedmult":1,"type":"mine","time":155.5,"autoplayed":false,"endangle":150},{"angle":120,"played":false,"speedmult":1,"type":"mine","time":155,"autoplayed":false,"endangle":120},{"angle":150,"played":false,"speedmult":1,"type":"mine","time":154.5,"autoplayed":false,"endangle":150},{"angle":180,"played":false,"speedmult":1,"type":"mine","time":154,"autoplayed":false,"endangle":180},{"angle":210,"played":false,"speedmult":1,"type":"mine","time":153.5,"autoplayed":false,"endangle":210},{"angle":210,"played":false,"speedmult":1,"type":"mine","time":153,"autoplayed":false,"endangle":210},{"angle":240,"played":false,"speedmult":1,"type":"mine","time":152.5,"autoplayed":false,"endangle":240},{"angle":240,"played":false,"speedmult":1,"type":"mine","time":152,"autoplayed":false,"endangle":240},{"angle":330,"played":false,"speedmult":1,"type":"mine","time":159.5,"autoplayed":false,"endangle":330},{"angle":300,"played":false,"speedmult":1,"type":"mine","time":159,"autoplayed":false,"endangle":300},{"angle":330,"played":false,"speedmult":1,"type":"mine","time":158.5,"autoplayed":false,"endangle":330},{"angle":0,"played":false,"speedmult":1,"type":"mine","time":158,"autoplayed":false,"endangle":0},{"angle":30,"played":false,"speedmult":1,"type":"mine","time":157.5,"autoplayed":false,"endangle":30},{"angle":30,"played":false,"speedmult":1,"type":"mine","time":157,"autoplayed":false,"endangle":30},{"angle":60,"played":false,"speedmult":1,"type":"mine","time":156.5,"autoplayed":false,"endangle":60},{"angle":60,"played":false,"speedmult":1,"type":"mine","time":156,"autoplayed":false,"endangle":60},{"angle":0,"played":false,"speedmult":1,"type":"mine","time":151.5,"autoplayed":false,"endangle":0},{"angle":330,"played":false,"speedmult":1,"type":"mine","time":151,"autoplayed":false,"endangle":330},{"angle":0,"played":false,"speedmult":1,"type":"mine","time":150.5,"autoplayed":false,"endangle":0},{"angle":30,"played":false,"speedmult":1,"type":"mine","time":150,"autoplayed":false,"endangle":30},{"angle":60,"played":false,"speedmult":1,"type":"mine","time":149.5,"autoplayed":false,"endangle":60},{"angle":0,"played":false,"speedmult":1,"type":"mine","time":149,"autoplayed":false,"endangle":0},{"angle":30,"played":false,"speedmult":1,"type":"mine","time":148.5,"autoplayed":false,"endangle":30},{"angle":60,"played":false,"speedmult":1,"type":"mine","time":148,"autoplayed":false,"endangle":60},{"angle":180,"played":false,"speedmult":1,"type":"mine","time":147.5,"autoplayed":false,"endangle":180},{"angle":150,"played":false,"speedmult":1,"type":"mine","time":147,"autoplayed":false,"endangle":150},{"angle":180,"played":false,"speedmult":1,"type":"mine","time":146.5,"autoplayed":false,"endangle":180},{"angle":210,"played":false,"speedmult":1,"type":"mine","time":146,"autoplayed":false,"endangle":210},{"angle":240,"played":false,"speedmult":1,"type":"mine","time":145.5,"autoplayed":false,"endangle":240},{"angle":180,"played":false,"speedmult":1,"type":"mine","time":145,"autoplayed":false,"endangle":180},{"angle":210,"played":false,"speedmult":1,"type":"mine","time":144.5,"autoplayed":false,"endangle":210},{"angle":240,"played":false,"speedmult":1,"type":"mine","time":144,"autoplayed":false,"endangle":240},{"angle":180,"played":false,"speedmult":1,"type":"mine","time":139.5,"autoplayed":false,"endangle":180},{"angle":120,"played":false,"speedmult":1,"type":"mine","time":139,"autoplayed":false,"endangle":120},{"angle":180,"played":false,"speedmult":1,"type":"mine","time":138.5,"autoplayed":false,"endangle":180},{"angle":240,"played":false,"speedmult":1,"type":"mine","time":138,"autoplayed":false,"endangle":240},{"angle":210,"played":false,"speedmult":1,"type":"mine","time":137.5,"autoplayed":false,"endangle":210},{"angle":240,"played":false,"speedmult":1,"type":"mine","time":137,"autoplayed":false,"endangle":240},{"angle":210,"played":false,"speedmult":1,"type":"mine","time":136.5,"autoplayed":false,"endangle":210},{"angle":240,"played":false,"speedmult":1,"type":"mine","time":136,"autoplayed":false,"endangle":240},{"angle":0,"played":false,"speedmult":1,"type":"mine","time":143.5,"autoplayed":false,"endangle":0},{"angle":0,"played":false,"speedmult":1,"type":"mine","time":142.5,"autoplayed":false,"endangle":0},{"angle":60,"played":false,"speedmult":1,"type":"mine","time":142,"autoplayed":false,"endangle":60},{"angle":30,"played":false,"speedmult":1,"type":"mine","time":141.5,"autoplayed":false,"endangle":30},{"angle":60,"played":false,"speedmult":1,"type":"mine","time":141,"autoplayed":false,"endangle":60},{"angle":30,"played":false,"speedmult":1,"type":"mine","time":140.5,"autoplayed":false,"endangle":30},{"angle":60,"played":false,"speedmult":1,"type":"mine","time":140,"autoplayed":false,"endangle":60},{"angle":30,"played":false,"speedmult":1,"type":"mine","time":135.5,"autoplayed":false,"endangle":30},{"angle":0,"played":false,"speedmult":1,"type":"mine","time":135,"autoplayed":false,"endangle":0},{"angle":330,"played":false,"speedmult":1,"type":"mine","time":134.5,"autoplayed":false,"endangle":330},{"angle":300,"played":false,"speedmult":1,"type":"mine","time":134,"autoplayed":false,"endangle":300},{"angle":330,"played":false,"speedmult":1,"type":"mine","time":133.5,"autoplayed":false,"endangle":330},{"angle":0,"played":false,"speedmult":1,"type":"mine","time":133,"autoplayed":false,"endangle":0},{"angle":30,"played":false,"speedmult":1,"type":"mine","time":132.5,"autoplayed":false,"endangle":30},{"angle":60,"played":false,"speedmult":1,"type":"mine","time":132,"autoplayed":false,"endangle":60},{"angle":210,"played":false,"speedmult":1,"type":"mine","time":131.5,"autoplayed":false,"endangle":210},{"angle":180,"played":false,"speedmult":1,"type":"mine","time":131,"autoplayed":false,"endangle":180},{"angle":150,"played":false,"speedmult":1,"type":"mine","time":130.5,"autoplayed":false,"endangle":150},{"angle":120,"played":false,"speedmult":1,"type":"mine","time":130,"autoplayed":false,"endangle":120},{"angle":150,"played":false,"speedmult":1,"type":"mine","time":129.5,"autoplayed":false,"endangle":150},{"angle":180,"played":false,"speedmult":1,"type":"mine","time":129,"autoplayed":false,"endangle":180},{"angle":210,"played":false,"speedmult":1,"type":"mine","time":128.5,"autoplayed":false,"endangle":210},{"angle":240,"played":false,"speedmult":1,"type":"mine","time":128,"autoplayed":false,"endangle":240},{"angle":210,"played":false,"speedmult":1,"type":"mine","time":123.5,"autoplayed":false,"endangle":210},{"angle":240,"played":false,"speedmult":1,"type":"mine","time":123,"autoplayed":false,"endangle":240},{"angle":210,"played":false,"speedmult":1,"type":"mine","time":122.5,"autoplayed":false,"endangle":210},{"angle":180,"played":false,"speedmult":1,"type":"mine","time":122,"autoplayed":false,"endangle":180},{"angle":150,"played":false,"speedmult":1,"type":"mine","time":121.5,"autoplayed":false,"endangle":150},{"angle":150,"played":false,"speedmult":1,"type":"mine","time":121,"autoplayed":false,"endangle":150},{"angle":120,"played":false,"speedmult":1,"type":"mine","time":120.5,"autoplayed":false,"endangle":120},{"angle":120,"played":false,"speedmult":1,"type":"mine","time":120,"autoplayed":false,"endangle":120},{"angle":30,"played":false,"speedmult":1,"type":"mine","time":127.5,"autoplayed":false,"endangle":30},{"angle":60,"played":false,"speedmult":1,"type":"mine","time":127,"autoplayed":false,"endangle":60},{"angle":30,"played":false,"speedmult":1,"type":"mine","time":126.5,"autoplayed":false,"endangle":30},{"angle":0,"played":false,"speedmult":1,"type":"mine","time":126,"autoplayed":false,"endangle":0},{"angle":330,"played":false,"speedmult":1,"type":"mine","time":125.5,"autoplayed":false,"endangle":330},{"angle":330,"played":false,"speedmult":1,"type":"mine","time":125,"autoplayed":false,"endangle":330},{"angle":300,"played":false,"speedmult":1,"type":"mine","time":124.5,"autoplayed":false,"endangle":300},{"angle":300,"played":false,"speedmult":1,"type":"mine","time":124,"autoplayed":false,"endangle":300},{"angle":180,"played":false,"speedmult":1,"type":"mine","time":115.5,"autoplayed":false,"endangle":180},{"angle":210,"played":false,"speedmult":1,"type":"mine","time":115,"autoplayed":false,"endangle":210},{"angle":180,"played":false,"speedmult":1,"type":"mine","time":114.5,"autoplayed":false,"endangle":180},{"angle":150,"played":false,"speedmult":1,"type":"mine","time":114,"autoplayed":false,"endangle":150},{"angle":120,"played":false,"speedmult":1,"type":"mine","time":113.5,"autoplayed":false,"endangle":120},{"angle":180,"played":false,"speedmult":1,"type":"mine","time":113,"autoplayed":false,"endangle":180},{"angle":150,"played":false,"speedmult":1,"type":"mine","time":112.5,"autoplayed":false,"endangle":150},{"angle":120,"played":false,"speedmult":1,"type":"mine","time":112,"autoplayed":false,"endangle":120},{"angle":0,"played":false,"speedmult":1,"type":"mine","time":119.5,"autoplayed":false,"endangle":0},{"angle":30,"played":false,"speedmult":1,"type":"mine","time":119,"autoplayed":false,"endangle":30},{"angle":0,"played":false,"speedmult":1,"type":"mine","time":118.5,"autoplayed":false,"endangle":0},{"angle":330,"played":false,"speedmult":1,"type":"mine","time":118,"autoplayed":false,"endangle":330},{"angle":300,"played":false,"speedmult":1,"type":"mine","time":117.5,"autoplayed":false,"endangle":300},{"angle":0,"played":false,"speedmult":1,"type":"mine","time":117,"autoplayed":false,"endangle":0},{"angle":330,"played":false,"speedmult":1,"type":"mine","time":116.5,"autoplayed":false,"endangle":330},{"angle":300,"played":false,"speedmult":1,"type":"mine","time":116,"autoplayed":false,"endangle":300},{"angle":180,"played":false,"endangle":180,"type":"mine","speedmult":1,"autoplayed":false,"time":107.5},{"angle":240,"played":false,"endangle":240,"type":"mine","speedmult":1,"autoplayed":false,"time":107},{"angle":180,"played":false,"endangle":180,"type":"mine","speedmult":1,"autoplayed":false,"time":106.5},{"angle":120,"played":false,"endangle":120,"type":"mine","speedmult":1,"autoplayed":false,"time":106},{"angle":150,"played":false,"endangle":150,"type":"mine","speedmult":1,"autoplayed":false,"time":105.5},{"angle":120,"played":false,"endangle":120,"type":"mine","speedmult":1,"autoplayed":false,"time":105},{"angle":150,"played":false,"endangle":150,"type":"mine","speedmult":1,"autoplayed":false,"time":104.5},{"angle":120,"played":false,"endangle":120,"type":"mine","speedmult":1,"autoplayed":false,"time":104},{"angle":0,"played":false,"endangle":0,"type":"mine","speedmult":1,"autoplayed":false,"time":111.5},{"angle":60,"played":false,"endangle":60,"type":"mine","speedmult":1,"autoplayed":false,"time":111},{"angle":0,"played":false,"endangle":0,"type":"mine","speedmult":1,"autoplayed":false,"time":110.5},{"angle":300,"played":false,"endangle":300,"type":"mine","speedmult":1,"autoplayed":false,"time":110},{"angle":330,"played":false,"endangle":330,"type":"mine","speedmult":1,"autoplayed":false,"time":109.5},{"angle":300,"played":false,"endangle":300,"type":"mine","speedmult":1,"autoplayed":false,"time":109},{"angle":330,"played":false,"endangle":330,"type":"mine","speedmult":1,"autoplayed":false,"time":108.5},{"angle":300,"played":false,"endangle":300,"type":"mine","speedmult":1,"autoplayed":false,"time":108},{"angle":330,"played":false,"endangle":330,"type":"mine","speedmult":1,"autoplayed":false,"time":103.5},{"angle":0,"played":false,"endangle":0,"type":"mine","speedmult":1,"autoplayed":false,"time":103},{"angle":30,"played":false,"endangle":30,"type":"mine","speedmult":1,"autoplayed":false,"time":102.5},{"angle":60,"played":false,"endangle":60,"type":"mine","speedmult":1,"autoplayed":false,"time":102},{"angle":30,"played":false,"endangle":30,"type":"mine","speedmult":1,"autoplayed":false,"time":101.5},{"angle":0,"played":false,"endangle":0,"type":"mine","speedmult":1,"autoplayed":false,"time":101},{"angle":330,"played":false,"endangle":330,"type":"mine","speedmult":1,"autoplayed":false,"time":100.5},{"angle":300,"played":false,"endangle":300,"type":"mine","speedmult":1,"autoplayed":false,"time":100},{"angle":150,"played":false,"endangle":150,"type":"mine","speedmult":1,"autoplayed":false,"time":99.5},{"angle":180,"played":false,"endangle":180,"type":"mine","speedmult":1,"autoplayed":false,"time":99},{"angle":210,"played":false,"endangle":210,"type":"mine","speedmult":1,"autoplayed":false,"time":98.5},{"angle":240,"played":false,"endangle":240,"type":"mine","speedmult":1,"autoplayed":false,"time":98},{"angle":210,"played":false,"endangle":210,"type":"mine","speedmult":1,"autoplayed":false,"time":97.5},{"angle":180,"played":false,"endangle":180,"type":"mine","speedmult":1,"autoplayed":false,"time":97},{"angle":150,"played":false,"endangle":150,"type":"mine","speedmult":1,"autoplayed":false,"time":96.5},{"angle":120,"played":false,"endangle":120,"type":"mine","speedmult":1,"autoplayed":false,"time":96},{"angle":60,"played":false,"endangle":60,"type":"inverse","speedmult":1,"autoplayed":false,"time":196},{"angle":120,"played":false,"endangle":120,"type":"mine","speedmult":1,"autoplayed":false,"time":240},{"angle":60,"played":false,"endangle":60,"type":"mine","speedmult":1,"autoplayed":false,"time":240},{"angle":300,"played":false,"endangle":300,"type":"mine","speedmult":1,"autoplayed":false,"time":240},{"angle":240,"played":false,"endangle":240,"type":"mine","speedmult":1,"autoplayed":false,"time":240},{"angle2":180,"angle1":120,"duration":0.5,"speedmult":1,"type":"minehold","time":226.5,"autoplayed":false,"played":false},{"angle2":180,"angle1":105,"duration":1,"speedmult":1,"type":"minehold","time":224,"autoplayed":false,"played":false},{"angle2":30,"angle1":165,"duration":0.5,"speedmult":1,"type":"minehold","time":238.5,"autoplayed":false,"played":false},{"angle2":330,"angle1":195,"duration":1,"speedmult":1,"type":"minehold","time":236,"autoplayed":false,"played":false},{"angle2":30,"angle1":150,"duration":0.5,"speedmult":1,"type":"minehold","time":234.5,"autoplayed":false,"played":false},{"angle2":330,"angle1":210,"duration":1,"speedmult":1,"type":"minehold","time":232,"autoplayed":false,"played":false},{"angle2":30,"angle1":135,"duration":0.5,"speedmult":1,"type":"minehold","time":230.5,"autoplayed":false,"played":false},{"angle2":330,"angle1":225,"duration":1,"speedmult":1,"type":"minehold","time":228,"autoplayed":false,"played":false},{"angle2":180,"angle1":240,"duration":0.5,"speedmult":1,"type":"minehold","time":226.5,"autoplayed":false,"played":false},{"angle2":180,"angle1":255,"duration":1,"speedmult":1,"type":"minehold","time":224,"autoplayed":false,"played":false},{"angle1":90,"duration":2,"holdease":"OutQuad","speedmult":1,"autoplayed":false,"angle2":0,"played":false,"type":"hold","time":98},{"angle1":0,"duration":2,"holdease":"OutQuad","speedmult":1,"autoplayed":false,"angle2":90,"played":false,"type":"hold","time":96},{"angle2":0,"angle1":0,"duration":16,"speedmult":1,"type":"hold","time":224,"autoplayed":false,"played":false},{"angle":330,"played":false,"endangle":330,"type":"inverse","speedmult":1,"autoplayed":false,"time":223.5},{"angle":300,"played":false,"endangle":300,"type":"inverse","speedmult":1,"autoplayed":false,"time":223},{"angle":330,"played":false,"endangle":330,"type":"inverse","speedmult":1,"autoplayed":false,"time":222.5},{"angle":0,"played":false,"endangle":0,"type":"inverse","speedmult":1,"autoplayed":false,"time":222},{"angle":30,"played":false,"endangle":30,"type":"inverse","speedmult":1,"autoplayed":false,"time":221.5},{"angle":30,"played":false,"endangle":30,"type":"inverse","speedmult":1,"autoplayed":false,"time":221},{"angle":60,"played":false,"endangle":60,"type":"inverse","speedmult":1,"autoplayed":false,"time":220.5},{"angle":60,"played":false,"endangle":60,"type":"inverse","speedmult":1,"autoplayed":false,"time":220},{"angle":330,"played":false,"endangle":330,"type":"beat","speedmult":1,"autoplayed":false,"time":219.5},{"angle":300,"played":false,"endangle":300,"type":"beat","speedmult":1,"autoplayed":false,"time":219},{"angle":330,"played":false,"endangle":330,"type":"beat","speedmult":1,"autoplayed":false,"time":218.5},{"angle":0,"played":false,"endangle":0,"type":"beat","speedmult":1,"autoplayed":false,"time":218},{"angle":30,"played":false,"endangle":30,"type":"beat","speedmult":1,"autoplayed":false,"time":217.5},{"angle":30,"played":false,"endangle":30,"type":"beat","speedmult":1,"autoplayed":false,"time":217},{"angle":60,"played":false,"endangle":60,"type":"beat","speedmult":1,"autoplayed":false,"time":216.5},{"angle":60,"played":false,"endangle":60,"type":"beat","speedmult":1,"autoplayed":false,"time":216},{"angle":0,"played":false,"endangle":0,"type":"inverse","speedmult":1,"autoplayed":false,"time":215.5},{"angle":330,"played":false,"endangle":330,"type":"inverse","speedmult":1,"autoplayed":false,"time":215},{"angle":0,"played":false,"endangle":0,"type":"inverse","speedmult":1,"autoplayed":false,"time":214.5},{"angle":30,"played":false,"endangle":30,"type":"inverse","speedmult":1,"autoplayed":false,"time":214},{"angle":60,"played":false,"endangle":60,"type":"inverse","speedmult":1,"autoplayed":false,"time":213.5},{"angle":0,"played":false,"endangle":0,"type":"inverse","speedmult":1,"autoplayed":false,"time":213},{"angle":30,"played":false,"endangle":30,"type":"inverse","speedmult":1,"autoplayed":false,"time":212.5},{"angle":60,"played":false,"endangle":60,"type":"inverse","speedmult":1,"autoplayed":false,"time":212},{"angle":0,"played":false,"endangle":0,"type":"beat","speedmult":1,"autoplayed":false,"time":211.5},{"angle":330,"played":false,"endangle":330,"type":"beat","speedmult":1,"autoplayed":false,"time":211},{"angle":0,"played":false,"endangle":0,"type":"beat","speedmult":1,"autoplayed":false,"time":210.5},{"angle":30,"played":false,"endangle":30,"type":"beat","speedmult":1,"autoplayed":false,"time":210},{"angle":60,"played":false,"endangle":60,"type":"beat","speedmult":1,"autoplayed":false,"time":209.5},{"angle":0,"played":false,"endangle":0,"type":"beat","speedmult":1,"autoplayed":false,"time":209},{"angle":30,"played":false,"endangle":30,"type":"beat","speedmult":1,"autoplayed":false,"time":208.5},{"angle":60,"played":false,"endangle":60,"type":"beat","speedmult":1,"autoplayed":false,"time":208},{"angle":0,"played":false,"endangle":0,"type":"inverse","speedmult":1,"autoplayed":false,"time":207.5},{"angle":300,"played":false,"endangle":300,"type":"inverse","speedmult":1,"autoplayed":false,"time":207},{"angle":0,"played":false,"endangle":0,"type":"inverse","speedmult":1,"autoplayed":false,"time":206.5},{"angle":60,"played":false,"endangle":60,"type":"inverse","speedmult":1,"autoplayed":false,"time":206},{"angle":30,"played":false,"endangle":30,"type":"inverse","speedmult":1,"autoplayed":false,"time":205.5},{"angle":60,"played":false,"endangle":60,"type":"inverse","speedmult":1,"autoplayed":false,"time":205},{"angle":30,"played":false,"endangle":30,"type":"inverse","speedmult":1,"autoplayed":false,"time":204.5},{"angle":60,"played":false,"endangle":60,"type":"inverse","speedmult":1,"autoplayed":false,"time":204},{"angle":0,"played":false,"endangle":0,"type":"beat","speedmult":1,"autoplayed":false,"time":203.5},{"angle":300,"played":false,"endangle":300,"type":"beat","speedmult":1,"autoplayed":false,"time":203},{"angle":0,"played":false,"endangle":0,"type":"beat","speedmult":1,"autoplayed":false,"time":202.5},{"angle":60,"played":false,"endangle":60,"type":"beat","speedmult":1,"autoplayed":false,"time":202},{"angle":30,"played":false,"endangle":30,"type":"beat","speedmult":1,"autoplayed":false,"time":201.5},{"angle":60,"played":false,"endangle":60,"type":"beat","speedmult":1,"autoplayed":false,"time":201},{"angle":30,"played":false,"endangle":30,"type":"beat","speedmult":1,"autoplayed":false,"time":200.5},{"angle":60,"played":false,"endangle":60,"type":"beat","speedmult":1,"autoplayed":false,"time":200},{"angle":30,"played":false,"endangle":30,"type":"inverse","speedmult":1,"autoplayed":false,"time":199.5},{"angle":0,"played":false,"endangle":0,"type":"inverse","speedmult":1,"autoplayed":false,"time":199},{"angle":300,"played":false,"endangle":300,"type":"inverse","speedmult":1,"autoplayed":false,"time":198},{"angle":330,"played":false,"endangle":330,"type":"inverse","speedmult":1,"autoplayed":false,"time":198.5},{"angle":330,"played":false,"endangle":330,"type":"inverse","speedmult":1,"autoplayed":false,"time":197.5},{"angle":0,"played":false,"endangle":0,"type":"inverse","speedmult":1,"autoplayed":false,"time":197},{"angle":30,"played":false,"endangle":30,"type":"inverse","speedmult":1,"autoplayed":false,"time":196.5},{"angle":30,"played":false,"endangle":30,"type":"beat","speedmult":1,"autoplayed":false,"time":195.5},{"angle":0,"played":false,"endangle":0,"type":"beat","speedmult":1,"autoplayed":false,"time":195},{"angle":330,"played":false,"endangle":330,"type":"beat","speedmult":1,"autoplayed":false,"time":194.5},{"angle":300,"played":false,"endangle":300,"type":"beat","speedmult":1,"autoplayed":false,"time":194},{"angle":330,"played":false,"endangle":330,"type":"beat","speedmult":1,"autoplayed":false,"time":193.5},{"angle":0,"played":false,"endangle":0,"type":"beat","speedmult":1,"autoplayed":false,"time":193},{"angle":30,"played":false,"endangle":30,"type":"beat","speedmult":1,"autoplayed":false,"time":192.5},{"angle":60,"played":false,"endangle":60,"type":"beat","speedmult":1,"autoplayed":false,"time":192},{"angle2":255,"angle1":105,"duration":0,"speedmult":1,"type":"minehold","time":160,"autoplayed":false,"played":false},{"angle2":165,"angle1":165,"duration":62.5,"speedmult":1,"type":"minehold","time":176,"autoplayed":false,"played":false},{"angle2":195,"angle1":195,"duration":60,"speedmult":1,"type":"minehold","time":176,"autoplayed":false,"played":false},{"angle2":135,"angle1":135,"duration":62.5,"speedmult":1,"type":"minehold","time":168,"autoplayed":false,"played":false},{"angle2":225,"angle1":225,"duration":60,"speedmult":1,"type":"minehold","time":168,"autoplayed":false,"played":false},{"angle":60,"played":false,"endangle":60,"type":"inverse","speedmult":1,"autoplayed":false,"time":191},{"angle":30,"played":false,"endangle":30,"type":"inverse","speedmult":1,"autoplayed":false,"time":190.5},{"angle":0,"played":false,"endangle":0,"type":"inverse","speedmult":1,"autoplayed":false,"time":190},{"angle":60,"played":false,"endangle":60,"type":"beat","speedmult":1,"autoplayed":false,"time":187},{"angle":30,"played":false,"endangle":30,"type":"beat","speedmult":1,"autoplayed":false,"time":186.5},{"angle":0,"played":false,"endangle":0,"type":"beat","speedmult":1,"autoplayed":false,"time":186},{"angle":30,"played":false,"endangle":30,"type":"inverse","speedmult":1,"autoplayed":false,"time":183},{"angle":330,"played":false,"endangle":330,"type":"inverse","speedmult":1,"autoplayed":false,"time":182},{"angle":300,"played":false,"endangle":300,"type":"inverse","speedmult":1,"autoplayed":false,"time":181.5},{"angle":30,"played":false,"endangle":30,"type":"beat","speedmult":1,"autoplayed":false,"time":179},{"angle":330,"played":false,"endangle":330,"type":"beat","speedmult":1,"autoplayed":false,"time":178},{"angle":300,"played":false,"endangle":300,"type":"beat","speedmult":1,"autoplayed":false,"time":177.5},{"angle":30,"played":false,"endangle":30,"type":"inverse","speedmult":1,"autoplayed":false,"time":191.5},{"angle":330,"played":false,"endangle":330,"type":"inverse","speedmult":1,"autoplayed":false,"time":189.5},{"angle":330,"played":false,"endangle":330,"type":"inverse","speedmult":1,"autoplayed":false,"time":189},{"angle":300,"played":false,"endangle":300,"type":"inverse","speedmult":1,"autoplayed":false,"time":188.5},{"angle":30,"played":false,"endangle":30,"type":"beat","speedmult":1,"autoplayed":false,"time":187.5},{"angle":330,"played":false,"endangle":330,"type":"beat","speedmult":1,"autoplayed":false,"time":185.5},{"angle":330,"played":false,"endangle":330,"type":"beat","speedmult":1,"autoplayed":false,"time":185},{"angle":300,"played":false,"endangle":300,"type":"beat","speedmult":1,"autoplayed":false,"time":184.5},{"angle":0,"played":false,"endangle":0,"type":"inverse","speedmult":1,"autoplayed":false,"time":183.5},{"angle":0,"played":false,"endangle":0,"type":"inverse","speedmult":1,"autoplayed":false,"time":182.5},{"angle":0,"played":false,"endangle":0,"type":"inverse","speedmult":1,"autoplayed":false,"time":181},{"angle":330,"played":false,"endangle":330,"type":"inverse","speedmult":1,"autoplayed":false,"time":180.5},{"angle":0,"played":false,"endangle":0,"type":"beat","speedmult":1,"autoplayed":false,"time":179.5},{"angle":0,"played":false,"endangle":0,"type":"beat","speedmult":1,"autoplayed":false,"time":178.5},{"angle":0,"played":false,"endangle":0,"type":"beat","speedmult":1,"autoplayed":false,"time":177},{"angle":330,"played":false,"endangle":330,"type":"beat","speedmult":1,"autoplayed":false,"time":176.5},{"angle":300,"played":false,"endangle":300,"type":"inverse","speedmult":1,"autoplayed":false,"time":188},{"angle":300,"played":false,"endangle":300,"type":"beat","speedmult":1,"autoplayed":false,"time":184},{"angle":300,"played":false,"endangle":300,"type":"inverse","speedmult":1,"autoplayed":false,"time":180},{"angle":300,"played":false,"endangle":300,"type":"beat","speedmult":1,"autoplayed":false,"time":176},{"angle":0,"played":false,"endangle":0,"type":"beat","speedmult":1,"autoplayed":false,"time":171.5},{"angle":0,"played":false,"endangle":0,"type":"beat","speedmult":1,"autoplayed":false,"time":170.5},{"angle":330,"played":false,"endangle":330,"type":"beat","speedmult":1,"autoplayed":false,"time":169.5},{"angle":330,"played":false,"endangle":330,"type":"beat","speedmult":1,"autoplayed":false,"time":168.5},{"angle":300,"played":false,"endangle":300,"type":"inverse","speedmult":1,"autoplayed":false,"time":173},{"angle":300,"played":false,"endangle":300,"type":"inverse","speedmult":1,"autoplayed":false,"time":174},{"angle":300,"played":false,"endangle":300,"type":"inverse","speedmult":1,"autoplayed":false,"time":172},{"angle":0,"played":false,"endangle":0,"type":"inverse","speedmult":1,"autoplayed":false,"time":175.5},{"angle":60,"played":false,"endangle":60,"type":"inverse","speedmult":1,"autoplayed":false,"time":175},{"angle":0,"played":false,"endangle":0,"type":"inverse","speedmult":1,"autoplayed":false,"time":174.5},{"angle":0,"played":false,"endangle":0,"type":"inverse","speedmult":1,"autoplayed":false,"time":173.5},{"angle":0,"played":false,"endangle":0,"type":"inverse","speedmult":1,"autoplayed":false,"time":172.5},{"angle":60,"played":false,"endangle":60,"type":"beat","speedmult":1,"autoplayed":false,"time":171},{"angle":300,"played":false,"endangle":300,"type":"beat","speedmult":1,"autoplayed":false,"time":170},{"angle":300,"played":false,"endangle":300,"type":"beat","speedmult":1,"autoplayed":false,"time":169},{"angle":300,"played":false,"endangle":300,"type":"beat","speedmult":1,"autoplayed":false,"time":168},{"angle":330,"played":false,"endangle":330,"type":"inverse","speedmult":1,"autoplayed":false,"time":167.5},{"angle":0,"played":false,"endangle":0,"type":"inverse","speedmult":1,"autoplayed":false,"time":167},{"angle":30,"played":false,"endangle":30,"type":"inverse","speedmult":1,"autoplayed":false,"time":166.5},{"angle":60,"played":false,"endangle":60,"type":"inverse","speedmult":1,"autoplayed":false,"time":166},{"angle":30,"played":false,"endangle":30,"type":"inverse","speedmult":1,"autoplayed":false,"time":165.5},{"angle":0,"played":false,"endangle":0,"type":"inverse","speedmult":1,"autoplayed":false,"time":165},{"angle":330,"played":false,"endangle":330,"type":"inverse","speedmult":1,"autoplayed":false,"time":164.5},{"angle":300,"played":false,"endangle":300,"type":"inverse","speedmult":1,"autoplayed":false,"time":164},{"angle":330,"played":false,"endangle":330,"type":"beat","speedmult":1,"autoplayed":false,"time":163.5},{"angle":0,"played":false,"endangle":0,"type":"beat","speedmult":1,"autoplayed":false,"time":163},{"angle":30,"played":false,"endangle":30,"type":"beat","speedmult":1,"autoplayed":false,"time":162.5},{"angle":60,"played":false,"endangle":60,"type":"beat","speedmult":1,"autoplayed":false,"time":162},{"angle":30,"played":false,"endangle":30,"type":"beat","speedmult":1,"autoplayed":false,"time":161.5},{"angle":0,"played":false,"endangle":0,"type":"beat","speedmult":1,"autoplayed":false,"time":161},{"angle":330,"played":false,"endangle":330,"type":"beat","speedmult":1,"autoplayed":false,"time":160.5},{"angle":300,"played":false,"endangle":300,"type":"beat","speedmult":1,"autoplayed":false,"time":160},{"angle2":180,"angle1":180,"duration":56,"speedmult":1,"type":"minehold","time":184,"autoplayed":false,"played":false},{"angle2":210,"angle1":210,"duration":40,"speedmult":1,"type":"minehold","time":192,"autoplayed":false,"played":false},{"angle2":150,"angle1":150,"duration":42.5,"speedmult":1,"type":"minehold","time":192,"autoplayed":false,"played":false},{"angle2":120,"angle1":120,"duration":34.5,"speedmult":1,"type":"minehold","time":192,"autoplayed":false,"played":false},{"angle2":240,"angle1":240,"duration":34.5,"speedmult":1,"type":"minehold","time":192,"autoplayed":false,"played":false},{"angle2":105,"angle1":105,"duration":64,"speedmult":1,"type":"minehold","time":160,"autoplayed":false,"played":false},{"angle2":255,"angle1":255,"duration":64,"speedmult":1,"type":"minehold","time":160,"autoplayed":false,"played":false},{"angle":330,"played":false,"time":95.5,"endangle":330,"speedmult":1,"autoplayed":false,"type":"beat"},{"angle":300,"played":false,"time":95,"endangle":300,"speedmult":1,"autoplayed":false,"type":"beat"},{"angle1":180,"duration":2.5,"holdease":"InQuad","speedmult":1,"autoplayed":false,"angle2":270,"played":false,"type":"hold","time":92},{"angle1":0,"duration":4,"holdease":"OutQuad","speedmult":1,"autoplayed":false,"angle2":180,"played":false,"type":"hold","time":88},{"angle2":0,"angle1":180,"duration":4,"time":84,"type":"hold","speedmult":1,"autoplayed":false,"played":false},{"angle2":-180,"angle1":0,"duration":4,"time":80,"type":"hold","speedmult":1,"autoplayed":false,"played":false},{"angle2":360,"angle1":180,"duration":4,"time":76,"type":"hold","speedmult":1,"autoplayed":false,"played":false},{"angle1":0,"duration":4,"holdease":"nil","speedmult":1,"autoplayed":false,"angle2":180,"played":false,"type":"hold","time":72},{"angle2":180,"angle1":210,"duration":0.5,"time":95,"type":"minehold","speedmult":1,"autoplayed":false,"played":false},{"angle2":180,"angle1":150,"duration":0.5,"time":94,"type":"minehold","speedmult":1,"autoplayed":false,"played":false},{"angle":30,"played":false,"type":"mine","endangle":30,"time":93.5,"autoplayed":false,"speedmult":1},{"angle":90,"played":false,"type":"mine","endangle":90,"time":92.5,"autoplayed":false,"speedmult":1},{"angle":150,"played":false,"type":"mine","endangle":150,"time":91.5,"autoplayed":false,"speedmult":1},{"angle":210,"played":false,"type":"mine","endangle":210,"time":90.5,"autoplayed":false,"speedmult":1},{"angle":270,"played":false,"type":"mine","endangle":270,"time":89.5,"autoplayed":false,"speedmult":1},{"angle":330,"played":false,"type":"mine","endangle":330,"time":88.5,"autoplayed":false,"speedmult":1},{"angle":240,"played":false,"type":"mine","endangle":240,"time":93,"autoplayed":false,"speedmult":1},{"angle":300,"played":false,"type":"mine","endangle":300,"time":92,"autoplayed":false,"speedmult":1},{"angle":0,"played":false,"type":"mine","endangle":0,"time":91,"autoplayed":false,"speedmult":1},{"angle":60,"played":false,"type":"mine","endangle":60,"time":90,"autoplayed":false,"speedmult":1},{"angle":120,"played":false,"type":"mine","endangle":120,"time":89,"autoplayed":false,"speedmult":1},{"angle":180,"played":false,"type":"mine","endangle":180,"time":88,"autoplayed":false,"speedmult":1},{"angle2":210,"angle1":270,"duration":0.5,"time":87,"type":"minehold","speedmult":1,"autoplayed":false,"played":false},{"angle":315,"played":false,"type":"mine","endangle":315,"time":86.5,"autoplayed":false,"speedmult":1},{"angle":0,"played":false,"type":"mine","endangle":0,"time":86,"autoplayed":false,"speedmult":1},{"angle2":30,"angle1":90,"duration":0.5,"time":85,"type":"minehold","speedmult":1,"autoplayed":false,"played":false},{"angle":45,"played":false,"type":"mine","endangle":45,"time":84.5,"autoplayed":false,"speedmult":1},{"angle":0,"played":false,"type":"mine","endangle":0,"time":84,"autoplayed":false,"speedmult":1},{"angle2":30,"angle1":90,"duration":0.5,"time":83,"type":"minehold","speedmult":1,"autoplayed":false,"played":false},{"angle":135,"played":false,"type":"mine","endangle":135,"time":82.5,"autoplayed":false,"speedmult":1},{"angle":180,"played":false,"type":"mine","endangle":180,"time":82,"autoplayed":false,"speedmult":1},{"angle2":210,"angle1":270,"duration":0.5,"time":81,"type":"minehold","speedmult":1,"autoplayed":false,"played":false},{"angle":225,"played":false,"type":"mine","endangle":225,"time":80.5,"autoplayed":false,"speedmult":1},{"angle":180,"played":false,"type":"mine","endangle":180,"time":80,"autoplayed":false,"speedmult":1},{"angle":135,"played":false,"type":"mine","endangle":135,"time":79.5,"autoplayed":false,"speedmult":1},{"angle":90,"played":false,"type":"mine","endangle":90,"time":79,"autoplayed":false,"speedmult":1},{"angle":45,"played":false,"type":"mine","endangle":45,"time":78.5,"autoplayed":false,"speedmult":1},{"angle":0,"played":false,"type":"mine","endangle":0,"time":78,"autoplayed":false,"speedmult":1},{"angle2":0,"angle1":30,"duration":0.5,"time":77,"type":"minehold","speedmult":1,"autoplayed":false,"played":false},{"angle2":360,"angle1":330,"duration":0.5,"time":76,"type":"minehold","speedmult":1,"autoplayed":false,"played":false},{"angle":315,"played":false,"type":"mine","endangle":315,"time":75.5,"autoplayed":false,"speedmult":1},{"angle":270,"played":false,"type":"mine","endangle":270,"time":75,"autoplayed":false,"speedmult":1},{"angle":225,"played":false,"type":"mine","endangle":225,"time":74.5,"autoplayed":false,"speedmult":1},{"angle":180,"played":false,"type":"mine","endangle":180,"time":74,"autoplayed":false,"speedmult":1},{"angle2":180,"angle1":150,"duration":0.5,"time":73,"type":"minehold","speedmult":1,"autoplayed":false,"played":false},{"angle2":180,"angle1":210,"duration":0.5,"time":72,"type":"minehold","speedmult":1,"autoplayed":false,"played":false},{"angle2":0,"angle1":0,"duration":8,"time":64,"type":"hold","speedmult":1,"autoplayed":false,"played":false},{"angle":330,"played":false,"type":"mine","endangle":330,"time":71.5,"autoplayed":false,"speedmult":1},{"angle":300,"played":false,"type":"mine","endangle":300,"time":71,"autoplayed":false,"speedmult":1},{"angle":270,"played":false,"type":"mine","endangle":270,"time":70.5,"autoplayed":false,"speedmult":1},{"angle":240,"played":false,"type":"mine","endangle":240,"time":70,"autoplayed":false,"speedmult":1},{"angle":90,"played":false,"type":"mine","endangle":90,"time":69.5,"autoplayed":false,"speedmult":1},{"angle":120,"played":false,"type":"mine","endangle":120,"time":69,"autoplayed":false,"speedmult":1},{"angle":150,"played":false,"type":"mine","endangle":150,"time":68.5,"autoplayed":false,"speedmult":1},{"angle":180,"played":false,"type":"mine","endangle":180,"time":68,"autoplayed":false,"speedmult":1},{"angle":30,"played":false,"type":"mine","endangle":30,"time":67.5,"autoplayed":false,"speedmult":1},{"angle":60,"played":false,"type":"mine","endangle":60,"time":67,"autoplayed":false,"speedmult":1},{"angle":90,"played":false,"type":"mine","endangle":90,"time":66.5,"autoplayed":false,"speedmult":1},{"angle":120,"played":false,"type":"mine","endangle":120,"time":66,"autoplayed":false,"speedmult":1},{"angle":270,"played":false,"type":"mine","endangle":270,"time":65.5,"autoplayed":false,"speedmult":1},{"angle":240,"played":false,"type":"mine","endangle":240,"time":65,"autoplayed":false,"speedmult":1},{"angle":210,"played":false,"type":"mine","endangle":210,"time":64.5,"autoplayed":false,"speedmult":1},{"angle1":180,"duration":4,"holdease":"Linear","speedmult":1,"autoplayed":false,"angle2":360,"played":false,"type":"minehold","time":56},{"angle2":360,"angle1":330,"duration":0.5,"played":false,"type":"hold","time":63,"autoplayed":false,"speedmult":1},{"angle2":0,"angle1":30,"duration":0.5,"played":false,"type":"hold","time":62,"autoplayed":false,"speedmult":1},{"angle":330,"played":false,"speedmult":1,"type":"inverse","time":61.5,"autoplayed":false,"endangle":330},{"angle":300,"played":false,"speedmult":1,"type":"beat","time":61,"autoplayed":false,"endangle":300},{"angle":270,"played":false,"speedmult":1,"type":"inverse","time":60.5,"autoplayed":false,"endangle":270},{"angle":240,"played":false,"speedmult":1,"type":"beat","time":60,"autoplayed":false,"endangle":240},{"angle":210,"played":false,"speedmult":1,"type":"inverse","time":59.5,"autoplayed":false,"endangle":210},{"angle":180,"played":false,"speedmult":1,"type":"beat","time":59,"autoplayed":false,"endangle":180},{"angle":150,"played":false,"speedmult":1,"type":"inverse","time":58.5,"autoplayed":false,"endangle":150},{"angle":120,"played":false,"speedmult":1,"type":"beat","time":58,"autoplayed":false,"endangle":120},{"angle":90,"played":false,"speedmult":1,"type":"inverse","time":57.5,"autoplayed":false,"endangle":90},{"angle":60,"played":false,"speedmult":1,"type":"beat","time":57,"autoplayed":false,"endangle":60},{"angle":30,"played":false,"speedmult":1,"type":"inverse","time":56.5,"autoplayed":false,"endangle":30},{"angle":0,"played":false,"speedmult":1,"type":"beat","time":56,"autoplayed":false,"endangle":0},{"angle2":-180,"angle1":0,"duration":4,"played":false,"type":"minehold","time":52,"autoplayed":false,"speedmult":1},{"angle2":0,"angle1":180,"duration":4,"played":false,"type":"minehold","time":48,"autoplayed":false,"speedmult":1},{"angle2":30,"angle1":90,"duration":0.5,"played":false,"type":"hold","time":55,"autoplayed":false,"speedmult":1},{"angle":135,"played":false,"speedmult":1,"type":"beat","time":54.5,"autoplayed":false,"endangle":135},{"angle":180,"played":false,"speedmult":1,"type":"beat","time":54,"autoplayed":false,"endangle":180},{"angle2":210,"angle1":270,"duration":0.5,"played":false,"type":"hold","time":53,"autoplayed":false,"speedmult":1},{"angle":225,"played":false,"speedmult":1,"type":"beat","time":52.5,"autoplayed":false,"endangle":225},{"angle":180,"played":false,"speedmult":1,"type":"beat","time":52,"autoplayed":false,"endangle":180},{"angle2":225,"angle1":270,"duration":0.5,"played":false,"type":"hold","time":51,"autoplayed":false,"speedmult":1},{"angle":315,"played":false,"speedmult":1,"type":"beat","time":50.5,"autoplayed":false,"endangle":315},{"angle":0,"played":false,"speedmult":1,"type":"beat","time":50,"autoplayed":false,"endangle":0},{"angle2":30,"angle1":90,"duration":0.5,"played":false,"type":"hold","time":49,"autoplayed":false,"speedmult":1},{"angle":45,"played":false,"speedmult":1,"type":"beat","time":48.5,"autoplayed":false,"endangle":45},{"angle":0,"played":false,"speedmult":1,"type":"beat","time":48,"autoplayed":false,"endangle":0},{"angle2":180,"angle1":0,"duration":4,"played":false,"type":"minehold","time":44,"autoplayed":false,"speedmult":1},{"angle":315,"played":false,"speedmult":1,"type":"beat","time":47.5,"autoplayed":false,"endangle":315},{"angle":270,"played":false,"speedmult":1,"type":"beat","time":47,"autoplayed":false,"endangle":270},{"angle":225,"played":false,"speedmult":1,"type":"beat","time":46.5,"autoplayed":false,"endangle":225},{"angle":180,"played":false,"speedmult":1,"type":"beat","time":46,"autoplayed":false,"endangle":180},{"angle2":180,"angle1":210,"duration":0.5,"played":false,"type":"hold","time":45,"autoplayed":false,"speedmult":1},{"angle2":180,"angle1":135,"duration":0.5,"played":false,"type":"hold","time":44,"autoplayed":false,"speedmult":1},{"angle":135,"played":false,"speedmult":1,"type":"beat","time":43.5,"autoplayed":false,"endangle":135},{"angle":90,"played":false,"speedmult":1,"type":"beat","time":43,"autoplayed":false,"endangle":90},{"angle":45,"played":false,"speedmult":1,"type":"beat","time":42.5,"autoplayed":false,"endangle":45},{"angle":0,"played":false,"speedmult":1,"type":"beat","time":42,"autoplayed":false,"endangle":0},{"angle1":180,"duration":4,"holdease":"nil","speedmult":1,"autoplayed":false,"angle2":360,"played":false,"type":"minehold","time":40},{"angle2":180,"angle1":180,"duration":8,"played":false,"type":"minehold","time":32,"autoplayed":false,"speedmult":1},{"angle2":360,"angle1":330,"duration":0.5,"played":false,"type":"hold","time":41,"autoplayed":false,"speedmult":1},{"angle2":0,"angle1":30,"duration":0.5,"played":false,"type":"hold","time":40,"autoplayed":false,"speedmult":1},{"angle":330,"played":false,"speedmult":1,"type":"inverse","time":39.5,"autoplayed":false,"endangle":330},{"angle":300,"played":false,"speedmult":1,"type":"inverse","time":39,"autoplayed":false,"endangle":300},{"angle":270,"played":false,"speedmult":1,"type":"inverse","time":38.5,"autoplayed":false,"endangle":270},{"angle":240,"played":false,"speedmult":1,"type":"inverse","time":38,"autoplayed":false,"endangle":240},{"angle":270,"played":false,"speedmult":1,"type":"beat","time":37.5,"autoplayed":false,"endangle":270},{"angle":300,"played":false,"speedmult":1,"type":"beat","time":37,"autoplayed":false,"endangle":300},{"angle":330,"played":false,"speedmult":1,"type":"beat","time":36.5,"autoplayed":false,"endangle":330},{"angle":0,"played":false,"speedmult":1,"type":"beat","time":36,"autoplayed":false,"endangle":0},{"angle":30,"played":false,"speedmult":1,"type":"inverse","time":35.5,"autoplayed":false,"endangle":30},{"angle":60,"played":false,"speedmult":1,"type":"inverse","time":35,"autoplayed":false,"endangle":60},{"angle":90,"played":false,"speedmult":1,"type":"inverse","time":34.5,"autoplayed":false,"endangle":90},{"angle":120,"played":false,"speedmult":1,"type":"inverse","time":34,"autoplayed":false,"endangle":120},{"angle":90,"played":false,"speedmult":1,"type":"beat","time":33.5,"autoplayed":false,"endangle":90},{"angle":60,"played":false,"speedmult":1,"type":"beat","time":33,"autoplayed":false,"endangle":60},{"angle":30,"played":false,"speedmult":1,"type":"beat","time":32.5,"autoplayed":false,"endangle":30},{"angle":0,"played":false,"speedmult":1,"type":"beat","time":32,"autoplayed":false,"endangle":0},{"angle2":0,"angle1":30,"duration":0.5,"speedmult":1,"type":"hold","time":31,"autoplayed":false,"played":false},{"angle2":360,"angle1":330,"duration":0.5,"speedmult":1,"type":"hold","time":30,"autoplayed":false,"played":false},{"angle":30,"played":false,"endangle":30,"type":"inverse","speedmult":1,"autoplayed":false,"time":29.5},{"angle":60,"played":false,"endangle":60,"type":"beat","speedmult":1,"autoplayed":false,"time":29},{"angle":90,"played":false,"endangle":90,"type":"inverse","speedmult":1,"autoplayed":false,"time":28.5},{"angle":120,"played":false,"endangle":120,"type":"beat","speedmult":1,"autoplayed":false,"time":28},{"angle":150,"played":false,"endangle":150,"type":"inverse","speedmult":1,"autoplayed":false,"time":27.5},{"angle":180,"played":false,"endangle":180,"type":"beat","speedmult":1,"autoplayed":false,"time":27},{"angle":240,"played":false,"endangle":240,"type":"beat","speedmult":1,"autoplayed":false,"time":26},{"angle":300,"played":false,"endangle":300,"type":"beat","speedmult":1,"autoplayed":false,"time":25},{"angle":0,"played":false,"endangle":0,"type":"beat","speedmult":1,"autoplayed":false,"time":24},{"angle":210,"played":false,"endangle":210,"type":"inverse","speedmult":1,"autoplayed":false,"time":26.5},{"angle":270,"played":false,"endangle":270,"type":"inverse","speedmult":1,"autoplayed":false,"time":25.5},{"angle":330,"played":false,"endangle":330,"type":"inverse","speedmult":1,"autoplayed":false,"time":24.5},{"angle2":30,"angle1":90,"duration":0.5,"speedmult":1,"type":"hold","time":23,"autoplayed":false,"played":false},{"angle":135,"played":false,"time":22.5,"endangle":135,"speedmult":1,"autoplayed":false,"type":"beat"},{"angle":180,"played":false,"time":22,"endangle":180,"speedmult":1,"autoplayed":false,"type":"beat"},{"angle2":210,"angle1":270,"duration":0.5,"speedmult":1,"type":"hold","time":21,"autoplayed":false,"played":false},{"angle":225,"played":false,"time":20.5,"endangle":225,"speedmult":1,"autoplayed":false,"type":"beat"},{"angle":180,"played":false,"time":20,"endangle":180,"speedmult":1,"autoplayed":false,"type":"beat"},{"angle2":210,"angle1":270,"duration":0.5,"played":false,"type":"hold","time":19,"autoplayed":false,"speedmult":1},{"angle":315,"played":false,"speedmult":1,"type":"beat","time":18.5,"autoplayed":false,"endangle":315},{"angle":0,"played":false,"speedmult":1,"type":"beat","time":18,"autoplayed":false,"endangle":0},{"angle2":30,"angle1":90,"duration":0.5,"played":false,"type":"hold","time":17,"autoplayed":false,"speedmult":1},{"angle":45,"played":false,"speedmult":1,"type":"beat","time":16.5,"autoplayed":false,"endangle":45},{"angle":0,"played":false,"speedmult":1,"type":"beat","time":16,"autoplayed":false,"endangle":0},{"angle":315,"played":false,"speedmult":1,"type":"beat","time":15.5,"autoplayed":false,"endangle":315},{"angle":270,"played":false,"speedmult":1,"type":"beat","time":15,"autoplayed":false,"endangle":270},{"angle":225,"played":false,"speedmult":1,"type":"beat","time":14.5,"autoplayed":false,"endangle":225},{"angle":180,"played":false,"speedmult":1,"type":"beat","time":14,"autoplayed":false,"endangle":180},{"angle2":180,"angle1":210,"duration":0.5,"played":false,"type":"hold","time":13,"autoplayed":false,"speedmult":1},{"angle2":180,"angle1":150,"duration":0.5,"played":false,"type":"hold","time":12,"autoplayed":false,"speedmult":1},{"angle":135,"played":false,"speedmult":1,"type":"beat","time":11.5,"autoplayed":false,"endangle":135},{"angle":90,"played":false,"speedmult":1,"type":"beat","time":11,"autoplayed":false,"endangle":90},{"angle":45,"played":false,"speedmult":1,"type":"beat","time":10.5,"autoplayed":false,"endangle":45},{"angle":0,"played":false,"speedmult":1,"type":"beat","time":10,"autoplayed":false,"endangle":0},{"angle2":360,"angle1":330,"duration":0.5,"played":false,"type":"hold","time":9,"autoplayed":false,"speedmult":1},{"angle2":0,"angle1":30,"duration":0.5,"played":false,"type":"hold","time":8,"autoplayed":false,"speedmult":1},{"angle":330,"played":false,"speedmult":1,"type":"inverse","time":7.5,"autoplayed":false,"endangle":330},{"angle":300,"played":false,"speedmult":1,"type":"inverse","time":7,"autoplayed":false,"endangle":300},{"angle":270,"played":false,"speedmult":1,"type":"inverse","time":6.5,"autoplayed":false,"endangle":270},{"angle":240,"played":false,"speedmult":1,"type":"inverse","time":6,"autoplayed":false,"endangle":240},{"angle":270,"played":false,"speedmult":1,"type":"beat","time":5.5,"autoplayed":false,"endangle":270},{"angle":300,"played":false,"speedmult":1,"type":"beat","time":5,"autoplayed":false,"endangle":300},{"angle":330,"played":false,"speedmult":1,"type":"beat","time":4.5,"autoplayed":false,"endangle":330},{"angle":0,"played":false,"speedmult":1,"type":"beat","time":4,"autoplayed":false,"endangle":0},{"angle":30,"played":false,"speedmult":1,"type":"inverse","time":3.5,"autoplayed":false,"endangle":30},{"angle":60,"played":false,"speedmult":1,"type":"inverse","time":3,"autoplayed":false,"endangle":60},{"angle":90,"played":false,"speedmult":1,"type":"inverse","time":2.5,"autoplayed":false,"endangle":90},{"angle":120,"played":false,"speedmult":1,"type":"inverse","time":2,"autoplayed":false,"endangle":120},{"angle":90,"played":false,"speedmult":1,"type":"beat","time":1.5,"autoplayed":false,"endangle":90},{"angle":60,"played":false,"speedmult":1,"type":"beat","time":1,"autoplayed":false,"endangle":60},{"angle":30,"played":false,"speedmult":1,"type":"beat","time":0.5,"autoplayed":false,"endangle":30},{"bpm":180,"played":false,"type":"play","time":0,"autoplayed":false,"file":"main.wav"},{"type":"showresults","time":243,"played":false,"autoplayed":false}],"properties":{"startbeat":0,"offset":8,"speed":45}}