{"metadata":{"artist":"Monplaisir","songname":"Loyal Protector","charter":"Rikri","description":"asdfghjkl"},"bpm":120,"events":[{"angle":225,"played":false,"speedmult":1,"type":"beat","time":21.75,"autoplayed":false,"endangle":225},{"angle":247.5,"played":false,"speedmult":1,"type":"beat","time":21.5,"autoplayed":false,"endangle":247.5},{"angle":270,"played":false,"speedmult":1,"type":"beat","time":21,"autoplayed":false,"endangle":270},{"angle":225,"played":false,"speedmult":1,"type":"beat","time":18.5,"autoplayed":false,"endangle":225},{"angle":270,"played":false,"speedmult":1,"type":"beat","time":20.25,"autoplayed":false,"endangle":270},{"angle":225,"played":false,"speedmult":1,"type":"beat","time":20,"autoplayed":false,"endangle":225},{"angle":247.5,"played":false,"speedmult":1,"type":"beat","time":19.5,"autoplayed":false,"endangle":247.5},{"angle":270,"played":false,"speedmult":1,"type":"beat","time":19,"autoplayed":false,"endangle":270},{"angle":225,"played":false,"speedmult":1,"type":"beat","time":18,"autoplayed":false,"endangle":225},{"angle":202.5,"played":false,"speedmult":1,"type":"beat","time":17.75,"autoplayed":false,"endangle":202.5},{"angle":202.5,"played":false,"speedmult":1,"type":"beat","time":17.5,"autoplayed":false,"endangle":202.5},{"angle":180,"played":false,"speedmult":1,"type":"beat","time":17,"autoplayed":false,"endangle":180},{"angle":180,"played":false,"speedmult":1,"type":"beat","time":16.75,"autoplayed":false,"endangle":180},{"angle":22.5,"played":false,"endangle":22.5,"type":"beat","speedmult":1,"autoplayed":false,"time":9.75},{"angle":22.5,"played":false,"endangle":22.5,"type":"beat","speedmult":1,"autoplayed":false,"time":11.5},{"angle":157.5,"played":false,"endangle":157.5,"type":"beat","speedmult":1,"autoplayed":false,"time":16},{"angle":157.5,"played":false,"endangle":157.5,"type":"beat","speedmult":1,"autoplayed":false,"time":16.25},{"angle":45,"played":false,"endangle":45,"type":"beat","speedmult":1,"autoplayed":false,"time":15.5},{"angle":135,"played":false,"endangle":135,"type":"beat","speedmult":1,"autoplayed":false,"time":15},{"angle":90,"played":false,"endangle":90,"type":"beat","speedmult":1,"autoplayed":false,"time":14.5},{"angle":90,"played":false,"endangle":90,"type":"beat","speedmult":1,"autoplayed":false,"time":14.25},{"angle":90,"played":false,"endangle":90,"type":"beat","speedmult":1,"autoplayed":false,"time":13.75},{"angle":45,"played":false,"endangle":45,"type":"beat","speedmult":1,"autoplayed":false,"time":13.5},{"angle":90,"played":false,"endangle":90,"type":"beat","speedmult":1,"autoplayed":false,"time":13.25},{"angle":90,"played":false,"endangle":90,"type":"beat","speedmult":1,"autoplayed":false,"time":12.75},{"angle":45,"played":false,"endangle":45,"type":"beat","speedmult":1,"autoplayed":false,"time":12.5},{"angle":90,"played":false,"endangle":90,"type":"beat","speedmult":1,"autoplayed":false,"time":12},{"angle":45,"played":false,"endangle":45,"type":"beat","speedmult":1,"autoplayed":false,"time":8.5},{"angle":45,"played":false,"endangle":45,"type":"beat","speedmult":1,"autoplayed":false,"time":11},{"angle":90,"played":false,"endangle":90,"type":"beat","speedmult":1,"autoplayed":false,"time":10.5},{"angle":90,"played":false,"endangle":90,"type":"beat","speedmult":1,"autoplayed":false,"time":10.25},{"angle":45,"played":false,"endangle":45,"type":"beat","speedmult":1,"autoplayed":false,"time":9.5},{"angle":90,"played":false,"endangle":90,"type":"beat","speedmult":1,"autoplayed":false,"time":9.25},{"angle":135,"played":false,"endangle":135,"type":"beat","speedmult":1,"autoplayed":false,"time":7},{"angle":45,"played":false,"endangle":45,"type":"beat","speedmult":1,"autoplayed":false,"time":7.5},{"angle":90,"played":false,"endangle":90,"type":"beat","speedmult":1,"autoplayed":false,"time":8.75},{"angle":90,"played":false,"endangle":90,"type":"beat","speedmult":1,"autoplayed":false,"time":8},{"angle":90,"played":false,"endangle":90,"type":"beat","speedmult":1,"autoplayed":false,"time":6.5},{"angle":90,"played":false,"endangle":90,"type":"beat","speedmult":1,"autoplayed":false,"time":6.25},{"angle":45,"played":false,"endangle":45,"type":"beat","speedmult":1,"autoplayed":false,"time":5.5},{"angle":45,"played":false,"endangle":45,"type":"beat","speedmult":1,"autoplayed":false,"time":4.5},{"angle":90,"played":false,"endangle":90,"type":"beat","speedmult":1,"autoplayed":false,"time":5.75},{"angle":90,"played":false,"endangle":90,"type":"beat","speedmult":1,"autoplayed":false,"time":5.25},{"angle":90,"played":false,"endangle":90,"type":"beat","speedmult":1,"autoplayed":false,"time":4.75},{"angle":90,"played":false,"endangle":90,"type":"beat","speedmult":1,"autoplayed":false,"time":4},{"angle":67.5,"played":false,"endangle":67.5,"type":"beat","speedmult":1,"autoplayed":false,"time":3.75},{"angle":45,"played":false,"endangle":45,"type":"beat","speedmult":1,"autoplayed":false,"time":3.5},{"angle":22.5,"played":false,"endangle":22.5,"type":"beat","speedmult":1,"autoplayed":false,"time":3.25},{"angle":0,"played":false,"endangle":0,"type":"beat","speedmult":1,"autoplayed":false,"time":3},{"angle":337.5,"played":false,"endangle":337.5,"type":"beat","speedmult":1,"autoplayed":false,"time":2.75},{"angle":315,"played":false,"endangle":315,"type":"beat","speedmult":1,"autoplayed":false,"time":2.5},{"angle":292.5,"played":false,"endangle":292.5,"type":"beat","speedmult":1,"autoplayed":false,"time":2.25},{"angle":270,"played":false,"endangle":270,"type":"beat","speedmult":1,"autoplayed":false,"time":2},{"angle":292.5,"played":false,"endangle":292.5,"type":"beat","speedmult":1,"autoplayed":false,"time":1.75},{"angle":315,"played":false,"endangle":315,"type":"beat","speedmult":1,"autoplayed":false,"time":1.5},{"angle":337.5,"played":false,"endangle":337.5,"type":"beat","speedmult":1,"autoplayed":false,"time":1.25},{"angle":0,"played":false,"endangle":0,"type":"beat","speedmult":1,"autoplayed":false,"time":0.9996},{"angle":22.5,"played":false,"endangle":22.5,"type":"beat","speedmult":1,"autoplayed":false,"time":0.75},{"angle":45,"played":false,"endangle":45,"type":"beat","speedmult":1,"autoplayed":false,"time":0.5},{"angle":67.5,"played":false,"endangle":67.5,"type":"beat","speedmult":1,"autoplayed":false,"time":0.25},{"angle":90,"played":false,"endangle":90,"type":"beat","speedmult":1,"autoplayed":false,"time":0},{"bpm":120,"played":false,"type":"play","time":0,"autoplayed":false,"file":"loyalprotector.wav"}],"properties":{"offset":4,"startbeat":0,"speed":60}}