{
   "properties":{
      "speed":60,
      "startbeat":0,
      "offset":4
   },
   "events":[
      {
         "type":"setbg",
         "time":-4,
         "file":"simple1.png"
      },
      {
         "type":"play",
         "time":0,
         "file":"anexamplefor.wav",
         "bpm":125
      },
      {
         "type":"multipulse",
         "delay":4,
         "reps":32,
         "time":0
      },
      {
         "x":200,
         "type":"circle",
         "time":0,
         "y":120,
         "delta":10
      },
      {
         "type":"beat",
         "speedmult":1,
         "angle":-45,
         "time":0
      },
      {
         "type":"beat",
         "speedmult":1,
         "angle":45,
         "time":0.5
      },
      {
         "type":"beat",
         "speedmult":1,
         "angle":-45,
         "time":1
      },
      {
         "type":"beat",
         "speedmult":1,
         "angle":45,
         "time":1.5
      },
      {
         "type":"beat",
         "speedmult":1,
         "angle":45,
         "time":2
      },
      {
         "type":"beat",
         "speedmult":1,
         "angle":-135,
         "time":2.8333
      },
      {
         "type":"beat",
         "speedmult":1,
         "angle":-135,
         "time":3
      },
      {
         "type":"beat",
         "speedmult":1,
         "angle":135,
         "time":3.3333
      },
      {
         "type":"beat",
         "speedmult":1,
         "angle":135,
         "time":3.5
      },
      {
         "type":"beat",
         "speedmult":1,
         "angle":-135,
         "time":4
      },
      {
         "type":"beat",
         "speedmult":1,
         "angle":135,
         "time":4.5
      },
      {
         "type":"beat",
         "speedmult":1,
         "angle":-135,
         "time":5
      },
      {
         "type":"beat",
         "speedmult":1,
         "angle":135,
         "time":5.5
      },
      {
         "type":"beat",
         "speedmult":1,
         "angle":135,
         "time":6
      },
      {
         "type":"beat",
         "speedmult":1,
         "angle":-45,
         "time":6.8333
      },
      {
         "type":"beat",
         "speedmult":1,
         "angle":-45,
         "time":7
      },
      {
         "type":"beat",
         "speedmult":1,
         "angle":45,
         "time":7.3333
      },
      {
         "type":"beat",
         "speedmult":1,
         "angle":45,
         "time":7.5
      },
      {
         "type":"square",
         "time":9.5,
         "x":200,
         "y":120,
         "r":8,
         "dx":0,
         "dy":0,
         "dr":10,
         "life":100
      },
      {
         "type":"beat",
         "speedmult":1,
         "angle":-45,
         "time":8
      },
      {
         "type":"beat",
         "speedmult":1,
         "angle":45,
         "time":8.5
      },
      {
         "type":"beat",
         "speedmult":1,
         "angle":-45,
         "time":9
      },
      {
         "type":"beat",
         "speedmult":1,
         "angle":45,
         "time":9.5
      },
      {
         "type":"beat",
         "speedmult":1,
         "angle":45,
         "time":10
      },
      {
         "type":"beat",
         "speedmult":1,
         "angle":-135,
         "time":10.8333
      },
      {
         "type":"beat",
         "speedmult":1,
         "angle":-135,
         "time":11
      },
      {
         "type":"beat",
         "speedmult":1,
         "angle":135,
         "time":11.3333
      },
      {
         "type":"beat",
         "speedmult":1,
         "angle":135,
         "time":11.5
      },
      {
         "type":"square",
         "time":14,
         "x":200,
         "y":120,
         "r":200,
         "dx":0,
         "dy":0,
         "dr":-10,
         "life":20
      },
      {
         "type":"square",
         "time":14.5,
         "x":200,
         "y":120,
         "r":200,
         "dx":0,
         "dy":0,
         "dr":-10,
         "life":20
      },
      {
         "type":"square",
         "time":15,
         "x":200,
         "y":120,
         "r":200,
         "dx":0,
         "dy":0,
         "dr":-10,
         "life":20
      },
      {
         "type":"square",
         "time":15.5,
         "x":200,
         "y":120,
         "r":200,
         "dx":0,
         "dy":0,
         "dr":-10,
         "life":20
      },
      {
         "type":"beat",
         "speedmult":1,
         "angle":-135,
         "time":12
      },
      {
         "type":"beat",
         "speedmult":1,
         "angle":135,
         "time":12.5
      },
      {
         "type":"beat",
         "speedmult":1,
         "angle":-135,
         "time":13
      },
      {
         "type":"beat",
         "speedmult":1,
         "angle":135,
         "time":13.5
      },
      {
         "type":"beat",
         "speedmult":1,
         "angle":135,
         "time":14
      },
      {
         "type":"beat",
         "speedmult":1,
         "angle":-120,
         "time":14.5
      },
      {
         "type":"beat",
         "speedmult":1,
         "angle":-45,
         "time":14.8333
      },
      {
         "type":"beat",
         "speedmult":1,
         "angle":-45,
         "time":15
      },
      {
         "type":"beat",
         "speedmult":1,
         "angle":45,
         "time":15.3333
      },
      {
         "type":"beat",
         "speedmult":1,
         "angle":45,
         "time":15.5
      },
      {
         "type":"square",
         "time":18.5,
         "x":200,
         "y":120,
         "r":8,
         "dx":0,
         "dy":0,
         "dr":10,
         "life":100
      },
      {
         "type":"beat",
         "speedmult":1.2,
         "angle":-55,
         "time":16
      },
      {
         "type":"beat",
         "speedmult":1.2,
         "angle":55,
         "time":16.5
      },
      {
         "type":"beat",
         "speedmult":1.2,
         "angle":-55,
         "time":17
      },
      {
         "type":"beat",
         "speedmult":1.2,
         "angle":55,
         "time":17.5
      },
      {
         "type":"beat",
         "speedmult":1.2,
         "angle":55,
         "time":18
      },
      {
         "type":"beat",
         "speedmult":1.2,
         "angle":-125,
         "time":18.8333
      },
      {
         "type":"beat",
         "speedmult":1.2,
         "angle":-125,
         "time":19
      },
      {
         "type":"beat",
         "speedmult":1.2,
         "angle":125,
         "time":19.3333
      },
      {
         "type":"beat",
         "speedmult":1.2,
         "angle":125,
         "time":19.5
      },
      {
         "type":"beat",
         "speedmult":1.3,
         "angle":-120,
         "time":20
      },
      {
         "type":"beat",
         "speedmult":1.3,
         "angle":120,
         "time":20.5
      },
      {
         "type":"beat",
         "speedmult":1.3,
         "angle":-120,
         "time":21
      },
      {
         "type":"beat",
         "speedmult":1.3,
         "angle":120,
         "time":21.5
      },
      {
         "type":"beat",
         "speedmult":1.3,
         "angle":120,
         "time":22
      },
      {
         "type":"beat",
         "speedmult":1.3,
         "angle":-60,
         "time":22.8333
      },
      {
         "type":"beat",
         "speedmult":1.3,
         "angle":-60,
         "time":23
      },
      {
         "type":"beat",
         "speedmult":1.3,
         "angle":60,
         "time":23.3333
      },
      {
         "type":"beat",
         "speedmult":1.3,
         "angle":60,
         "time":23.5
      },
      {
         "type":"square",
         "time":25.5,
         "x":200,
         "y":120,
         "r":8,
         "dx":0,
         "dy":0,
         "dr":10,
         "life":100
      },
      {
         "type":"beat",
         "speedmult":1.4,
         "angle":-65,
         "time":24
      },
      {
         "type":"beat",
         "speedmult":1.4,
         "angle":65,
         "time":24.5
      },
      {
         "type":"beat",
         "speedmult":1.4,
         "angle":-65,
         "time":25
      },
      {
         "type":"beat",
         "speedmult":1.4,
         "angle":65,
         "time":25.5
      },
      {
         "type":"beat",
         "speedmult":1.4,
         "angle":65,
         "time":26
      },
      {
         "type":"beat",
         "speedmult":1.4,
         "angle":-115,
         "time":26.8333
      },
      {
         "type":"beat",
         "speedmult":1.4,
         "angle":-115,
         "time":27
      },
      {
         "type":"beat",
         "speedmult":1.4,
         "angle":115,
         "time":27.3333
      },
      {
         "type":"beat",
         "speedmult":1.4,
         "angle":115,
         "time":27.5
      },
      {
         "type":"square",
         "time":30,
         "x":200,
         "y":120,
         "r":200,
         "dx":0,
         "dy":0,
         "dr":-10,
         "life":20
      },
      {
         "type":"square",
         "time":30.5,
         "x":200,
         "y":120,
         "r":200,
         "dx":0,
         "dy":0,
         "dr":-10,
         "life":20
      },
      {
         "type":"square",
         "time":31,
         "x":200,
         "y":120,
         "r":200,
         "dx":0,
         "dy":0,
         "dr":-10,
         "life":20
      },
      {
         "type":"square",
         "time":31.5,
         "x":200,
         "y":120,
         "r":200,
         "dx":0,
         "dy":0,
         "dr":-10,
         "life":20
      },
      {
         "type":"beat",
         "speedmult":1.5,
         "angle":-110,
         "time":28
      },
      {
         "type":"beat",
         "speedmult":1.5,
         "angle":110,
         "time":28.5
      },
      {
         "type":"beat",
         "speedmult":1.5,
         "angle":-110,
         "time":29
      },
      {
         "type":"beat",
         "speedmult":1.5,
         "angle":110,
         "time":29.5
      },
      {
         "type":"beat",
         "speedmult":1.5,
         "angle":110,
         "time":30
      },
      {
         "type":"beat",
         "speedmult":1.5,
         "angle":-70,
         "time":30.8333
      },
      {
         "type":"beat",
         "speedmult":1.5,
         "angle":-70,
         "time":31
      },
      {
         "type":"beat",
         "speedmult":1.5,
         "angle":70,
         "time":31.3333
      },
      {
         "type":"beat",
         "speedmult":1.5,
         "angle":70,
         "time":31.5
      },
      {
         "type":"square",
         "time":34.5,
         "x":200,
         "y":120,
         "r":8,
         "dx":0,
         "dy":0,
         "dr":10,
         "life":100
      },
      {
         "type":"beat",
         "speedmult":1.33,
         "angle":-65,
         "time":32
      },
      {
         "type":"beat",
         "speedmult":1.16,
         "angle":55,
         "time":32.5
      },
      {
         "type":"beat",
         "speedmult":1,
         "angle":-45,
         "time":33
      },
      {
         "type":"beat",
         "speedmult":1,
         "angle":45,
         "time":33.5
      },
      {
         "type":"beat",
         "speedmult":1,
         "angle":45,
         "time":34
      },
      {
         "type":"beat",
         "speedmult":1,
         "angle":-135,
         "time":34.8333
      },
      {
         "type":"beat",
         "speedmult":1,
         "angle":-135,
         "time":35
      },
      {
         "type":"beat",
         "speedmult":1,
         "angle":135,
         "time":35.3333
      },
      {
         "type":"beat",
         "speedmult":1,
         "angle":135,
         "time":35.5
      },
      {
         "type":"beat",
         "speedmult":1,
         "angle":-135,
         "time":36
      },
      {
         "type":"beat",
         "speedmult":1,
         "angle":135,
         "time":36.5
      },
      {
         "type":"beat",
         "speedmult":1,
         "angle":-135,
         "time":37
      },
      {
         "type":"beat",
         "speedmult":1,
         "angle":135,
         "time":37.5
      },
      {
         "type":"square",
         "time":37.5,
         "x":40,
         "y":240,
         "r":16,
         "dx":0,
         "dy":-10,
         "dr":0,
         "life":100
      },
      {
         "type":"square",
         "time":38,
         "x":120,
         "y":240,
         "r":16,
         "dx":0,
         "dy":-10,
         "dr":0,
         "life":100
      },
      {
         "type":"square",
         "time":38.5,
         "x":200,
         "y":240,
         "r":16,
         "dx":0,
         "dy":-10,
         "dr":0,
         "life":100
      },
      {
         "type":"square",
         "time":39,
         "x":280,
         "y":240,
         "r":16,
         "dx":0,
         "dy":-10,
         "dr":0,
         "life":100
      },
      {
         "type":"square",
         "time":39.5,
         "x":360,
         "y":240,
         "r":16,
         "dx":0,
         "dy":-10,
         "dr":0,
         "life":100
      },
      {
         "type":"beat",
         "speedmult":1,
         "angle":90,
         "time":38
      },
      {
         "type":"beat",
         "speedmult":1,
         "angle":60,
         "time":38.3333
      },
      {
         "type":"beat",
         "speedmult":1,
         "angle":45,
         "time":38.5
      },
      {
         "type":"beat",
         "speedmult":1,
         "angle":0,
         "time":39
      },
      {
         "type":"beat",
         "speedmult":1,
         "angle":-30,
         "time":39.3333
      },
      {
         "type":"beat",
         "speedmult":1,
         "angle":-45,
         "time":39.5
      },
      {
         "type":"square",
         "time":41.5,
         "x":200,
         "y":120,
         "r":8,
         "dx":0,
         "dy":0,
         "dr":10,
         "life":100
      },
      {
         "type":"beat",
         "speedmult":1,
         "angle":-50,
         "time":40
      },
      {
         "type":"beat",
         "speedmult":1,
         "angle":35,
         "time":40.5
      },
      {
         "type":"beat",
         "speedmult":1,
         "angle":-60,
         "time":41
      },
      {
         "type":"beat",
         "speedmult":1,
         "angle":25,
         "time":41.5
      },
      {
         "type":"beat",
         "speedmult":1,
         "angle":20,
         "time":42
      },
      {
         "type":"beat",
         "speedmult":1,
         "angle":-165,
         "time":42.8333
      },
      {
         "type":"beat",
         "speedmult":1,
         "angle":-165,
         "time":43
      },
      {
         "type":"beat",
         "speedmult":1,
         "angle":95,
         "time":43.3333
      },
      {
         "type":"beat",
         "speedmult":1,
         "angle":95,
         "time":43.5
      },
      {
         "type":"beat",
         "speedmult":1,
         "angle":-180,
         "time":44
      },
      {
         "type":"beat",
         "speedmult":1,
         "angle":90,
         "time":44.5
      },
      {
         "type":"beat",
         "speedmult":1,
         "angle":-180,
         "time":45
      },
      {
         "type":"beat",
         "speedmult":1,
         "angle":90,
         "time":45.5
      },
      {
         "type":"beat",
         "speedmult":1,
         "angle":90,
         "time":46
      },
      {
         "type":"beat",
         "speedmult":1,
         "angle":-90,
         "time":46.8333
      },
      {
         "type":"beat",
         "speedmult":1,
         "angle":-90,
         "time":47
      },
      {
         "type":"beat",
         "speedmult":1,
         "angle":0,
         "time":47.3333
      },
      {
         "type":"beat",
         "speedmult":1,
         "angle":0,
         "time":47.5
      },
      {
         "type":"square",
         "time":46,
         "x":200,
         "y":120,
         "r":200,
         "dx":0,
         "dy":0,
         "dr":-10,
         "life":20
      },
      {
         "type":"square",
         "time":46.5,
         "x":200,
         "y":120,
         "r":200,
         "dx":0,
         "dy":0,
         "dr":-10,
         "life":20
      },
      {
         "type":"square",
         "time":47,
         "x":200,
         "y":120,
         "r":200,
         "dx":0,
         "dy":0,
         "dr":-10,
         "life":20
      },
      {
         "type":"square",
         "time":47.5,
         "x":200,
         "y":120,
         "r":200,
         "dx":0,
         "dy":0,
         "dr":-10,
         "life":20
      },
      {
         "type":"beat",
         "speedmult":1,
         "angle":-90,
         "time":48
      },
      {
         "type":"beat",
         "speedmult":1,
         "angle":0,
         "time":48.5
      },
      {
         "type":"beat",
         "speedmult":1,
         "angle":-90,
         "time":49
      },
      {
         "type":"beat",
         "speedmult":1,
         "angle":0,
         "time":49.5
      },
      {
         "type":"beat",
         "speedmult":1,
         "angle":0,
         "time":50
      },
      {
         "type":"beat",
         "speedmult":1,
         "angle":-180,
         "time":50.8333
      },
      {
         "type":"beat",
         "speedmult":1,
         "angle":-180,
         "time":51
      },
      {
         "type":"beat",
         "speedmult":1,
         "angle":90,
         "time":51.3333
      },
      {
         "type":"beat",
         "speedmult":1,
         "angle":90,
         "time":51.5
      },
      {
         "type":"square",
         "time":53.5,
         "x":360,
         "y":0,
         "r":16,
         "dx":0,
         "dy":10,
         "dr":0,
         "life":100
      },
      {
         "type":"square",
         "time":54,
         "x":280,
         "y":0,
         "r":16,
         "dx":0,
         "dy":10,
         "dr":0,
         "life":100
      },
      {
         "type":"square",
         "time":54.5,
         "x":200,
         "y":00,
         "r":16,
         "dx":0,
         "dy":10,
         "dr":0,
         "life":100
      },
      {
         "type":"square",
         "time":55,
         "x":120,
         "y":0,
         "r":16,
         "dx":0,
         "dy":10,
         "dr":0,
         "life":100
      },
      {
         "type":"square",
         "time":55.5,
         "x":40,
         "y":0,
         "r":16,
         "dx":0,
         "dy":10,
         "dr":0,
         "life":100
      },
      {
         "type":"beat",
         "speedmult":1,
         "angle":-180,
         "time":52
      },
      {
         "type":"square",
         "time":50.5,
         "x":200,
         "y":120,
         "r":8,
         "dx":0,
         "dy":0,
         "dr":10,
         "life":100
      },
      {
         "type":"beat",
         "speedmult":1,
         "angle":90,
         "time":52.5
      },
      {
         "type":"beat",
         "speedmult":1,
         "angle":-180,
         "time":53
      },
      {
         "type":"beat",
         "speedmult":1,
         "angle":90,
         "time":53.5
      },
      {
         "type":"beat",
         "speedmult":1,
         "angle":45,
         "time":54
      },
      {
         "type":"beat",
         "speedmult":1,
         "angle":15,
         "time":54.3333
      },
      {
         "type":"beat",
         "speedmult":1,
         "angle":0,
         "time":54.5
      },
      {
         "type":"beat",
         "speedmult":1,
         "angle":-45,
         "time":55
      },
      {
         "type":"beat",
         "speedmult":1,
         "angle":-75,
         "time":55.3333
      },
      {
         "type":"beat",
         "speedmult":1,
         "angle":-90,
         "time":55.5
      },
      {
         "type":"square",
         "time":57.5,
         "x":200,
         "y":120,
         "r":8,
         "dx":0,
         "dy":0,
         "dr":10,
         "life":100
      },
      {
         "type":"beat",
         "speedmult":1,
         "angle":-95,
         "time":56
      },
      {
         "type":"beat",
         "speedmult":1,
         "angle":10,
         "time":56.5
      },
      {
         "type":"beat",
         "speedmult":1,
         "angle":-105,
         "time":57
      },
      {
         "type":"beat",
         "speedmult":1,
         "angle":-20,
         "time":57.5
      },
      {
         "type":"beat",
         "speedmult":1,
         "angle":-25,
         "time":58
      },
      {
         "type":"beat",
         "speedmult":1,
         "angle":150,
         "time":58.8333
      },
      {
         "type":"beat",
         "speedmult":1,
         "angle":150,
         "time":59
      },
      {
         "type":"beat",
         "speedmult":1,
         "angle":50,
         "time":59.3333
      },
      {
         "type":"beat",
         "speedmult":1,
         "angle":50,
         "time":59.5
      },
      {
         "type":"beat",
         "speedmult":1,
         "angle":135,
         "time":60
      },
      {
         "type":"beat",
         "speedmult":1,
         "angle":45,
         "time":60.5
      },
      {
         "type":"beat",
         "speedmult":1,
         "angle":135,
         "time":61
      },
      {
         "type":"beat",
         "speedmult":1,
         "angle":45,
         "time":61.5
      },
      {
         "type":"beat",
         "speedmult":1,
         "angle":45,
         "time":62
      },
      {
         "type":"hom",
         "time":62,
         "enable":true
      },
      {
         "type":"bgnoise",
         "time":62,
         "enable":true,
         "filename":"10000noiseatlas.png",
         "r":1,
         "g":1,
         "b":1,
         "a":1
      },
      {
         "x":200,
         "type":"circle",
         "time":62,
         "y":120,
         "delta":5
      },
      {
         "type":"inverse",
         "speedmult":1,
         "angle":45,
         "time":64
      },
      {
         "type":"inverse",
         "speedmult":1,
         "angle":-45,
         "time":65
      },
      {
         "type":"inverse",
         "speedmult":1,
         "angle":45,
         "time":66
      },
      {
         "type":"inverse",
         "speedmult":1,
         "angle":-45,
         "time":67
      },
      {
         "type":"inverse",
         "speedmult":1,
         "angle":45,
         "time":68
      },
      {
         "type":"inverse",
         "speedmult":1,
         "angle":-45,
         "time":69
      },
      {
         "type":"inverse",
         "speedmult":1,
         "angle":45,
         "time":70
      },
      {
         "type":"inverse",
         "speedmult":1,
         "angle":-45,
         "time":71
      },
      {
         "type":"inverse",
         "speedmult":1,
         "angle":45,
         "time":71.5
      },
      {
         "type":"inverse",
         "speedmult":1,
         "angle":-45,
         "time":72
      },
      {
         "type":"inverse",
         "speedmult":1,
         "angle":45,
         "time":73
      },
      {
         "type":"inverse",
         "speedmult":1,
         "angle":-45,
         "time":74
      },
      {
         "type":"inverse",
         "speedmult":1,
         "angle":45,
         "time":75
      },
      {
         "type":"inverse",
         "speedmult":1,
         "angle":-45,
         "time":76
      },
      {
         "type":"inverse",
         "speedmult":1,
         "angle":45,
         "time":77
      },
      {
         "type":"inverse",
         "speedmult":1,
         "angle":-45,
         "time":78
      },
      {
         "type":"inverse",
         "speedmult":1,
         "angle":45,
         "time":79
      },
      {
         "type":"hom",
         "time":79,
         "enable":true
      },
      {
         "type":"bgnoise",
         "time":80,
         "enable":true,
         "filename":"80000noiseatlas.png",
         "r":1,
         "g":1,
         "b":1,
         "a":1
      },
      {
         "x":200,
         "type":"circle",
         "time":80,
         "y":120,
         "delta":-5
      },
      {
         "type":"inverse",
         "speedmult":1,
         "angle":-45,
         "time":79.5
      },
      {
         "type":"inverse",
         "speedmult":1,
         "angle":45,
         "time":80
      },
      {
         "type":"inverse",
         "speedmult":1,
         "angle":-45,
         "time":81
      },
      {
         "type":"inverse",
         "speedmult":1,
         "angle":45,
         "time":82
      },
      {
         "type":"inverse",
         "speedmult":1,
         "angle":-45,
         "time":83
      },
      {
         "type":"inverse",
         "speedmult":1,
         "angle":45,
         "time":84
      },
      {
         "type":"inverse",
         "speedmult":1,
         "angle":-45,
         "time":85
      },
      {
         "type":"inverse",
         "speedmult":1,
         "angle":45,
         "time":86
      },
      {
         "type":"inverse",
         "speedmult":1,
         "angle":-45,
         "time":87
      },
      {
         "type":"beat",
         "speedmult":1,
         "angle":-10,
         "time":80.5
      },
      {
         "type":"beat",
         "speedmult":1,
         "angle":10,
         "time":81.5
      },
      {
         "type":"beat",
         "speedmult":1,
         "angle":-10,
         "time":82.5
      },
      {
         "type":"beat",
         "speedmult":1,
         "angle":10,
         "time":83.5
      },
      {
         "type":"beat",
         "speedmult":1,
         "angle":-10,
         "time":84.5
      },
      {
         "type":"beat",
         "speedmult":1,
         "angle":10,
         "time":85.5
      },
      {
         "type":"beat",
         "speedmult":1,
         "angle":-10,
         "time":86.5
      },
      {
         "type":"beat",
         "speedmult":1,
         "angle":45,
         "time":87.5
      },
      {
         "type":"beat",
         "speedmult":1,
         "angle":90,
         "time":88
      },
      {
         "type":"beat",
         "speedmult":1,
         "angle":135,
         "time":88.8333
      },
      {
         "type":"beat",
         "speedmult":1,
         "angle":180,
         "time":89.5
      },
      {
         "type":"inverse",
         "speedmult":1,
         "angle":-135,
         "time":90
      },
      {
         "type":"inverse",
         "speedmult":1,
         "angle":135,
         "time":91
      },
      {
         "type":"inverse",
         "speedmult":1,
         "angle":-135,
         "time":92
      },
      {
         "type":"inverse",
         "speedmult":1,
         "angle":135,
         "time":93
      },
      {
         "type":"inverse",
         "speedmult":1,
         "angle":-135,
         "time":94
      },
      {
         "type":"beat",
         "speedmult":1,
         "angle":170,
         "time":90.5
      },
      {
         "type":"beat",
         "speedmult":1,
         "angle":190,
         "time":91.5
      },
      {
         "type":"beat",
         "speedmult":1,
         "angle":170,
         "time":92.5
      },
      {
         "type":"beat",
         "speedmult":1,
         "angle":190,
         "time":93.5
      },
      {
         "type":"beat",
         "speedmult":1,
         "angle":170,
         "time":94.5
      },
      {
         "type":"beat",
         "speedmult":1,
         "angle":90,
         "time":95
      },
      {
         "type":"beat",
         "speedmult":1,
         "angle":22.5,
         "time":95.8333
      },
      {
         "type":"beat",
         "speedmult":1,
         "angle":-45,
         "time":96.5
      },
      {
         "type":"inverse",
         "speedmult":1,
         "angle":-90,
         "time":97
      },
      {
         "type":"inverse",
         "speedmult":1,
         "angle":0,
         "time":98
      },
      {
         "type":"inverse",
         "speedmult":1,
         "angle":-90,
         "time":99
      },
      {
         "type":"inverse",
         "speedmult":1,
         "angle":0,
         "time":100
      },
      {
         "type":"inverse",
         "speedmult":1,
         "angle":-90,
         "time":101
      },
      {
         "type":"inverse",
         "speedmult":1,
         "angle":0,
         "time":102
      },
      {
         "type":"inverse",
         "speedmult":1,
         "angle":-90,
         "time":103
      },
      {
         "type":"beat",
         "speedmult":1,
         "angle":-35,
         "time":97.5
      },
      {
         "type":"beat",
         "speedmult":1,
         "angle":-55,
         "time":98.5
      },
      {
         "type":"beat",
         "speedmult":1,
         "angle":-35,
         "time":99.5
      },
      {
         "type":"beat",
         "speedmult":1,
         "angle":-55,
         "time":100.5
      },
      {
         "type":"beat",
         "speedmult":1,
         "angle":-35,
         "time":101.5
      },
      {
         "type":"beat",
         "speedmult":1,
         "angle":-55,
         "time":102.5
      },
      {
         "type":"beat",
         "speedmult":1,
         "angle":-85,
         "time":102.8333
      },
      {
         "type":"beat",
         "speedmult":1,
         "angle":-35,
         "time":103.5
      },
      {
         "type":"beat",
         "speedmult":1,
         "angle":-5,
         "time":103.8333
      },
      {
         "type":"inverse",
         "speedmult":1,
         "angle":0,
         "time":104
      },
      {
         "type":"inverse",
         "speedmult":1,
         "angle":45,
         "time":104.8333
      },
      {
         "type":"inverse",
         "speedmult":1,
         "angle":90,
         "time":105.5
      },
      {
         "type":"beat",
         "speedmult":1,
         "angle":135,
         "time":106
      },
      {
         "type":"beat",
         "speedmult":1,
         "angle":45,
         "time":107
      },
      {
         "type":"beat",
         "speedmult":1,
         "angle":135,
         "time":108
      },
      {
         "type":"beat",
         "speedmult":1,
         "angle":45,
         "time":109
      },
      {
         "type":"beat",
         "speedmult":1,
         "angle":80,
         "time":106.5
      },
      {
         "type":"beat",
         "speedmult":1,
         "angle":100,
         "time":107.5
      },
      {
         "type":"inverse",
         "speedmult":1,
         "angle":80,
         "time":108.5
      },
      {
         "type":"inverse",
         "speedmult":1,
         "angle":100,
         "time":109.5
      },
      {
         "type":"beat",
         "speedmult":1,
         "angle":135,
         "time":110
      },
      {
         "type":"beat",
         "speedmult":1,
         "angle":180,
         "time":110.5
      },
      {
         "type":"beat",
         "speedmult":1,
         "angle":-145,
         "time":110.8333
      },
      {
         "type":"inverse",
         "speedmult":1,
         "angle":-135,
         "time":111
      },
      {
         "type":"inverse",
         "speedmult":1,
         "angle":-100,
         "time":111.8333
      },
      {
         "type":"beat",
         "speedmult":1,
         "angle":-90,
         "time":112
      },
      {
         "type":"beat",
         "speedmult":1,
         "angle":0,
         "time":113
      },
      {
         "type":"beat",
         "speedmult":1,
         "angle":-90,
         "time":114
      },
      {
         "type":"beat",
         "speedmult":1,
         "angle":0,
         "time":115
      },
      {
         "type":"beat",
         "speedmult":1,
         "angle":-90,
         "time":116
      },
      {
         "type":"beat",
         "speedmult":1,
         "angle":0,
         "time":117
      },
      {
         "type":"beat",
         "speedmult":1,
         "angle":-90,
         "time":118
      },
      {
         "type":"beat",
         "speedmult":1,
         "angle":0,
         "time":119
      },
      {
         "type":"inverse",
         "speedmult":1,
         "angle":-35,
         "time":112.5
      },
      {
         "type":"inverse",
         "speedmult":1,
         "angle":-55,
         "time":113.5
      },
      {
         "type":"inverse",
         "speedmult":1,
         "angle":-35,
         "time":114.5
      },
      {
         "type":"inverse",
         "speedmult":1,
         "angle":-55,
         "time":115.5
      },
      {
         "type":"inverse",
         "speedmult":1,
         "angle":-35,
         "time":116.5
      },
      {
         "type":"inverse",
         "speedmult":1,
         "angle":-55,
         "time":117.5
      },
      {
         "type":"inverse",
         "speedmult":1,
         "angle":-35,
         "time":118.5
      },
      {
         "type":"inverse",
         "speedmult":1,
         "angle":-5,
         "time":118.8333
      },
      {
         "type":"inverse",
         "speedmult":1,
         "angle":-55,
         "time":119.5
      },
      {
         "type":"inverse",
         "speedmult":1,
         "angle":-85,
         "time":119.8333
      },
      {
         "type":"beat",
         "speedmult":1,
         "angle":-90,
         "time":120
      },
      {
         "type":"beat",
         "speedmult":1,
         "angle":-135,
         "time":120.8333
      },
      {
         "type":"beat",
         "speedmult":1,
         "angle":180,
         "time":121.5
      },
      {
         "type":"inverse",
         "speedmult":1,
         "angle":135,
         "time":122
      },
      {
         "type":"inverse",
         "speedmult":1,
         "angle":-135,
         "time":123
      },
      {
         "type":"inverse",
         "speedmult":1,
         "angle":135,
         "time":124
      },
      {
         "type":"inverse",
         "speedmult":1,
         "angle":-135,
         "time":125
      },
      {
         "type":"inverse",
         "speedmult":1,
         "angle":190,
         "time":122.5
      },
      {
         "type":"inverse",
         "speedmult":1,
         "angle":170,
         "time":123.5
      },
      {
         "type":"beat",
         "speedmult":1,
         "angle":190,
         "time":124.5
      },
      {
         "type":"beat",
         "speedmult":1,
         "angle":170,
         "time":125.5
      },
      {
         "type":"beat",
         "speedmult":1,
         "angle":135,
         "time":126
      },
      {
         "type":"beat",
         "speedmult":1,
         "angle":90,
         "time":126.5
      },
      {
         "type":"beat",
         "speedmult":1,
         "angle":60,
         "time":126.8333
      },
      {
         "type":"beat",
         "speedmult":1,
         "angle":45,
         "time":127
      },
      {
         "type":"beat",
         "speedmult":1,
         "angle":15,
         "time":127.3333
      },
      {
         "type":"beat",
         "speedmult":1,
         "angle":45,
         "time":128
      },
      {
         "type":"beat",
         "speedmult":1,
         "angle":90,
         "time":128.5
      },
      {
         "type":"beat",
         "speedmult":1,
         "angle":135,
         "time":129
      },
      {
         "type":"beat",
         "speedmult":1,
         "angle":180,
         "time":129.5
      },
      {
         "type":"beat",
         "speedmult":1,
         "angle":-135,
         "time":130
      },
      {
         "type":"beat",
         "speedmult":1,
         "angle":-90,
         "time":130.5
      },
      {
         "type":"beat",
         "speedmult":1,
         "angle":-45,
         "time":131
      },
      {
         "type":"beat",
         "speedmult":1,
         "angle":0,
         "time":131.5
      },
      {
         "type":"showresults",
         "time":132
      }
   ],
   "metadata":{
      "songname":"An Example For",
      "artist":"Captive Portal",
      "charter":"Rikri + DPS2004",
      "description":"qwertyuiop"
   }
}