{"metadata":{"artist":"Eric Skiff","charter":"Nocallia","songname":"A Night of Dizzy Spells","description":"h"},"bpm":101,"events":[{"angle":135,"played":false,"speedmult":1,"type":"inverse","time":27.5,"autoplayed":false,"endangle":135},{"angle":150,"played":false,"speedmult":1,"type":"inverse","time":26.5,"autoplayed":false,"endangle":150},{"angle":120,"played":false,"speedmult":1,"type":"beat","time":27.75,"autoplayed":false,"endangle":120},{"angle":120,"played":false,"speedmult":1,"type":"beat","time":27.25,"autoplayed":false,"endangle":120},{"angle":120,"played":false,"speedmult":1,"type":"beat","time":26.25,"autoplayed":false,"endangle":120},{"angle2":135,"angle1":135,"duration":1,"played":false,"type":"hold","time":25.75,"autoplayed":false,"speedmult":1},{"angle":225,"played":false,"speedmult":1,"type":"beat","time":23.5,"autoplayed":false,"endangle":225},{"angle":135,"played":false,"speedmult":1,"type":"beat","time":23,"autoplayed":false,"endangle":135},{"angle":105,"played":false,"speedmult":1,"type":"beat","time":25.25,"autoplayed":false,"endangle":105},{"angle":135,"played":false,"speedmult":1,"type":"beat","time":24.75,"autoplayed":false,"endangle":135},{"angle":150,"played":false,"speedmult":1,"type":"inverse","time":24.5,"autoplayed":false,"endangle":150},{"angle":165,"played":false,"speedmult":1,"type":"beat","time":24.25,"autoplayed":false,"endangle":165},{"angle":180,"played":false,"speedmult":1,"type":"inverse","time":24,"autoplayed":false,"endangle":180},{"angle":180,"played":false,"speedmult":1,"type":"beat","time":23.75,"autoplayed":false,"endangle":180},{"angle":180,"played":false,"speedmult":1,"type":"beat","time":23.25,"autoplayed":false,"endangle":180},{"angle":180,"played":false,"speedmult":1,"type":"beat","time":22.75,"autoplayed":false,"endangle":180},{"angle":195,"played":false,"speedmult":1,"type":"inverse","time":21.75,"autoplayed":false,"endangle":195},{"angle":165,"played":false,"speedmult":1,"type":"inverse","time":21.25,"autoplayed":false,"endangle":165},{"angle":195,"played":false,"speedmult":1,"type":"inverse","time":20.75,"autoplayed":false,"endangle":195},{"angle":165,"played":false,"speedmult":1,"type":"inverse","time":20.25,"autoplayed":false,"endangle":165},{"angle2":180,"angle1":180,"duration":1,"played":false,"type":"hold","time":20,"autoplayed":false,"speedmult":1},{"angle2":180,"angle1":180,"duration":1,"played":false,"type":"hold","time":21,"autoplayed":false,"speedmult":1},{"angle":225,"played":false,"speedmult":1,"type":"beat","time":19.5,"autoplayed":false,"endangle":225},{"angle":180,"played":false,"speedmult":1,"type":"beat","time":19.25,"autoplayed":false,"endangle":180},{"angle":135,"played":false,"speedmult":1,"type":"beat","time":19,"autoplayed":false,"endangle":135},{"angle":180,"played":false,"speedmult":1,"type":"beat","time":18.75,"autoplayed":false,"endangle":180},{"angle":225,"played":false,"speedmult":1,"type":"beat","time":17.75,"autoplayed":false,"endangle":225},{"angle":255,"played":false,"speedmult":1,"type":"beat","time":17.25,"autoplayed":false,"endangle":255},{"angle":225,"played":false,"speedmult":1,"type":"beat","time":16.75,"autoplayed":false,"endangle":225},{"angle":255,"played":false,"speedmult":1,"type":"beat","time":16.25,"autoplayed":false,"endangle":255},{"angle2":240,"angle1":240,"duration":1,"played":false,"type":"hold","time":16,"autoplayed":false,"speedmult":1},{"angle2":240,"angle1":240,"duration":1,"played":false,"type":"hold","time":17,"autoplayed":false,"speedmult":1},{"angle":240,"played":false,"speedmult":1,"type":"beat","time":15.75,"autoplayed":false,"endangle":240},{"angle":270,"played":false,"speedmult":1,"type":"beat","time":15.5,"autoplayed":false,"endangle":270},{"angle":300,"played":false,"speedmult":1,"type":"beat","time":15.25,"autoplayed":false,"endangle":300},{"angle":330,"played":false,"speedmult":1,"type":"beat","time":15,"autoplayed":false,"endangle":330},{"angle":0,"played":false,"speedmult":1,"type":"beat","time":14.75,"autoplayed":false,"endangle":0},{"angle":15,"played":false,"speedmult":1,"type":"inverse","time":13.5,"autoplayed":false,"endangle":15},{"angle":0,"played":false,"speedmult":1,"type":"beat","time":13.25,"autoplayed":false,"endangle":0},{"angle":30,"played":false,"speedmult":1,"type":"beat","time":13,"autoplayed":false,"endangle":30},{"angle":60,"played":false,"speedmult":1,"type":"beat","time":12.75,"autoplayed":false,"endangle":60},{"angle":90,"played":false,"speedmult":1,"type":"beat","time":12.25,"autoplayed":false,"endangle":90},{"angle":90,"played":false,"speedmult":1,"type":"inverse","time":12,"autoplayed":false,"endangle":90},{"angle":120,"played":false,"speedmult":1,"type":"inverse","time":9.5,"autoplayed":false,"endangle":120},{"angle":105,"played":false,"speedmult":1,"type":"beat","time":11.5,"autoplayed":false,"endangle":105},{"angle":45,"played":false,"speedmult":1,"type":"beat","time":11,"autoplayed":false,"endangle":45},{"angle":75,"played":false,"speedmult":1,"type":"inverse","time":11.25,"autoplayed":false,"endangle":75},{"angle":75,"played":false,"speedmult":1,"type":"inverse","time":10.75,"autoplayed":false,"endangle":75},{"angle":225,"played":false,"speedmult":1,"type":"inverse","time":8,"autoplayed":false,"endangle":225},{"angle":90,"played":false,"speedmult":1,"type":"beat","time":9.75,"autoplayed":false,"endangle":90},{"angle":120,"played":false,"speedmult":1,"type":"beat","time":9.25,"autoplayed":false,"endangle":120},{"angle":150,"played":false,"speedmult":1,"type":"beat","time":8.75,"autoplayed":false,"endangle":150},{"angle":180,"played":false,"speedmult":1,"type":"beat","time":8.25,"autoplayed":false,"endangle":180},{"angle":195,"played":false,"time":7.75,"endangle":195,"speedmult":1,"autoplayed":false,"type":"beat"},{"angle":225,"played":false,"time":7.5,"endangle":225,"speedmult":1,"autoplayed":false,"type":"beat"},{"angle":255,"played":false,"time":7.25,"endangle":255,"speedmult":1,"autoplayed":false,"type":"beat"},{"angle":285,"played":false,"time":7,"endangle":285,"speedmult":1,"autoplayed":false,"type":"beat"},{"angle":315,"played":false,"time":6.75,"endangle":315,"speedmult":1,"autoplayed":false,"type":"beat"},{"angle":345,"played":false,"time":5.75,"endangle":345,"speedmult":1,"autoplayed":false,"type":"beat"},{"angle":15,"played":false,"time":5.25,"endangle":15,"speedmult":1,"autoplayed":false,"type":"beat"},{"angle":45,"played":false,"time":4.75,"endangle":45,"speedmult":1,"autoplayed":false,"type":"beat"},{"angle":105,"played":false,"time":3.5,"endangle":105,"speedmult":1,"autoplayed":false,"type":"beat"},{"angle":135,"played":false,"time":3.25,"endangle":135,"speedmult":1,"autoplayed":false,"type":"beat"},{"angle":165,"played":false,"time":3,"endangle":165,"speedmult":1,"autoplayed":false,"type":"beat"},{"angle":135,"played":false,"time":2.75,"endangle":135,"speedmult":1,"autoplayed":false,"type":"beat"},{"angle":105,"played":false,"time":1.75,"endangle":105,"speedmult":1,"autoplayed":false,"type":"beat"},{"angle":75,"played":false,"time":1.25,"endangle":75,"speedmult":1,"autoplayed":false,"type":"beat"},{"angle":45,"played":false,"time":0.75,"endangle":45,"speedmult":1,"autoplayed":false,"type":"beat"},{"angle":75,"played":false,"type":"beat","endangle":75,"time":4.25,"autoplayed":false,"speedmult":1},{"angle":90,"played":false,"type":"inverse","endangle":90,"time":4,"autoplayed":false,"speedmult":1},{"angle":0,"played":false,"speedmult":1,"type":"inverse","time":0,"autoplayed":false,"endangle":0},{"angle":15,"played":false,"speedmult":1,"type":"beat","time":0.25,"autoplayed":false,"endangle":15},{"bpm":101,"played":false,"type":"play","time":0,"autoplayed":false,"file":"dizzyspells.wav"}],"properties":{"startbeat":0,"offset":10,"speed":70}}
