{"metadata":{"artist":"Matthew Pablo","charter":"PerefL + DPS2004","songname":"Orbital Colossus","description":"asdfghjkl"},"bpm":164,"events":[{"angle":180,"played":false,"speedmult":1,"type":"beat","time":176,"autoplayed":false,"endangle":180},{"angle":135,"played":false,"speedmult":1,"type":"beat","time":175.75,"autoplayed":false,"endangle":135},{"angle":135,"played":false,"speedmult":1,"type":"beat","time":175.5,"autoplayed":false,"endangle":135},{"angle":135,"played":false,"speedmult":1,"type":"beat","time":175.25,"autoplayed":false,"endangle":135},{"angle":135,"played":false,"speedmult":1,"type":"beat","time":175,"autoplayed":false,"endangle":135},{"angle":90,"played":false,"speedmult":1,"type":"beat","time":174.75,"autoplayed":false,"endangle":90},{"angle":90,"played":false,"speedmult":1,"type":"beat","time":174.5,"autoplayed":false,"endangle":90},{"angle":90,"played":false,"speedmult":1,"type":"beat","time":174.25,"autoplayed":false,"endangle":90},{"angle":90,"played":false,"speedmult":1,"type":"beat","time":174,"autoplayed":false,"endangle":90},{"angle":45,"played":false,"speedmult":1,"type":"beat","time":173.75,"autoplayed":false,"endangle":45},{"angle":45,"played":false,"speedmult":1,"type":"beat","time":173.5,"autoplayed":false,"endangle":45},{"angle":45,"played":false,"speedmult":1,"type":"beat","time":173.25,"autoplayed":false,"endangle":45},{"angle":45,"played":false,"speedmult":1,"type":"beat","time":173,"autoplayed":false,"endangle":45},{"angle":0,"played":false,"speedmult":1,"type":"beat","time":172.75,"autoplayed":false,"endangle":0},{"angle":0,"played":false,"speedmult":1,"type":"beat","time":172.5,"autoplayed":false,"endangle":0},{"angle":0,"played":false,"speedmult":1,"type":"beat","time":172.25,"autoplayed":false,"endangle":0},{"angle":0,"played":false,"speedmult":1,"type":"beat","time":172,"autoplayed":false,"endangle":0},{"angle":270,"played":false,"speedmult":1,"type":"beat","time":171.5,"autoplayed":false,"endangle":270},{"angle":210,"played":false,"speedmult":1,"type":"beat","time":170.5,"autoplayed":false,"endangle":210},{"angle":270,"played":false,"speedmult":1,"type":"beat","time":171,"autoplayed":false,"endangle":270},{"angle":240,"played":false,"speedmult":1,"type":"beat","time":170.75,"autoplayed":false,"endangle":240},{"angle":270,"played":false,"speedmult":1,"type":"beat","time":170,"autoplayed":false,"endangle":270},{"angle":330,"played":false,"speedmult":1,"type":"beat","time":169.5,"autoplayed":false,"endangle":330},{"angle":330,"played":false,"speedmult":1,"type":"beat","time":168.5,"autoplayed":false,"endangle":330},{"angle":270,"played":false,"speedmult":1,"type":"beat","time":169,"autoplayed":false,"endangle":270},{"angle":300,"played":false,"speedmult":1,"type":"beat","time":168.75,"autoplayed":false,"endangle":300},{"angle":0,"played":false,"speedmult":1,"type":"inverse","time":168,"autoplayed":false,"endangle":0},{"angle":0,"played":false,"speedmult":1,"type":"inverse","time":167.5,"autoplayed":false,"endangle":0},{"angle":30,"played":false,"speedmult":1,"type":"beat","time":166.75,"autoplayed":false,"endangle":30},{"angle":30,"played":false,"speedmult":1,"type":"beat","time":165.5,"autoplayed":false,"endangle":30},{"angle":90,"played":false,"speedmult":1,"type":"beat","time":166,"autoplayed":false,"endangle":90},{"angle":60,"played":false,"speedmult":1,"type":"beat","time":165.75,"autoplayed":false,"endangle":60},{"angle":90,"played":false,"speedmult":1,"type":"beat","time":165,"autoplayed":false,"endangle":90},{"angle":60,"played":false,"speedmult":1,"type":"beat","time":164.75,"autoplayed":false,"endangle":60},{"angle":90,"played":false,"speedmult":1,"type":"beat","time":164.5,"autoplayed":false,"endangle":90},{"angle":90,"played":false,"speedmult":1,"type":"inverse","time":164,"autoplayed":false,"endangle":90},{"angle":90,"played":false,"speedmult":1,"type":"beat","time":163.75,"autoplayed":false,"endangle":90},{"angle":90,"played":false,"speedmult":1,"type":"beat","time":163.5,"autoplayed":false,"endangle":90},{"angle":90,"played":false,"speedmult":1,"type":"beat","time":163.25,"autoplayed":false,"endangle":90},{"angle":90,"played":false,"speedmult":1,"type":"beat","time":163,"autoplayed":false,"endangle":90},{"angle":120,"played":false,"speedmult":1,"type":"beat","time":162.75,"autoplayed":false,"endangle":120},{"angle":150,"played":false,"speedmult":1,"type":"beat","time":162.5,"autoplayed":false,"endangle":150},{"angle":150,"played":false,"speedmult":1,"type":"inverse","time":162,"autoplayed":false,"endangle":150},{"angle":120,"played":false,"speedmult":1,"type":"inverse","time":161.5,"autoplayed":false,"endangle":120},{"angle":120,"played":false,"speedmult":1,"type":"beat","time":160.75,"autoplayed":false,"endangle":120},{"angle":90,"played":false,"speedmult":1,"type":"beat","time":161,"autoplayed":false,"endangle":90},{"angle":150,"played":false,"speedmult":1,"type":"beat","time":160.5,"autoplayed":false,"endangle":150},{"angle":150,"played":false,"speedmult":1,"type":"inverse","time":160,"autoplayed":false,"endangle":150},{"angle":150,"played":false,"speedmult":1,"type":"inverse","time":159.5,"autoplayed":false,"endangle":150},{"angle":120,"played":false,"speedmult":1,"type":"beat","time":159,"autoplayed":false,"endangle":120},{"angle":150,"played":false,"speedmult":1,"type":"beat","time":158.75,"autoplayed":false,"endangle":150},{"angle":180,"played":false,"speedmult":1,"type":"beat","time":158.5,"autoplayed":false,"endangle":180},{"angle":180,"played":false,"speedmult":1,"type":"inverse","time":158,"autoplayed":false,"endangle":180},{"angle":180,"played":false,"speedmult":1,"type":"inverse","time":157.5,"autoplayed":false,"endangle":180},{"angle":180,"played":false,"speedmult":1,"type":"beat","time":157,"autoplayed":false,"endangle":180},{"angle":210,"played":false,"speedmult":1,"type":"beat","time":156.75,"autoplayed":false,"endangle":210},{"angle":240,"played":false,"speedmult":1,"type":"beat","time":156.5,"autoplayed":false,"endangle":240},{"angle":240,"played":false,"speedmult":1,"type":"inverse","time":156,"autoplayed":false,"endangle":240},{"angle":270,"played":false,"speedmult":1,"type":"inverse","time":155.5,"autoplayed":false,"endangle":270},{"angle":150,"played":false,"endangle":150,"type":"inverse","speedmult":1,"autoplayed":false,"time":107},{"angle":195,"played":false,"endangle":195,"type":"inverse","speedmult":1,"autoplayed":false,"time":106.5},{"angle":270,"played":false,"endangle":270,"type":"beat","speedmult":1,"autoplayed":false,"time":101.75},{"angle":285,"played":false,"endangle":285,"type":"inverse","speedmult":1,"autoplayed":false,"time":100.75},{"angle":255,"played":false,"endangle":255,"type":"inverse","speedmult":1,"autoplayed":false,"time":101},{"angle":30,"played":false,"endangle":30,"type":"beat","speedmult":1,"autoplayed":false,"time":98},{"angle":15,"played":false,"endangle":15,"type":"beat","speedmult":1,"autoplayed":false,"time":97.75},{"angle":0,"played":false,"endangle":0,"type":"beat","speedmult":1,"autoplayed":false,"time":97.5},{"angle":270,"played":false,"time":155,"endangle":270,"speedmult":1,"autoplayed":false,"type":"beat"},{"angle":240,"played":false,"time":154.75,"endangle":240,"speedmult":1,"autoplayed":false,"type":"beat"},{"angle":210,"played":false,"time":154.5,"endangle":210,"speedmult":1,"autoplayed":false,"type":"beat"},{"angle":240,"played":false,"time":154,"endangle":240,"speedmult":1,"autoplayed":false,"type":"inverse"},{"angle":270,"played":false,"time":153.5,"endangle":270,"speedmult":1,"autoplayed":false,"type":"inverse"},{"angle":270,"played":false,"time":153,"endangle":270,"speedmult":1,"autoplayed":false,"type":"beat"},{"angle":300,"played":false,"time":152.75,"endangle":300,"speedmult":1,"autoplayed":false,"type":"beat"},{"angle":330,"played":false,"time":152.5,"endangle":330,"speedmult":1,"autoplayed":false,"type":"beat"},{"angle":330,"played":false,"time":152,"endangle":330,"speedmult":1,"autoplayed":false,"type":"inverse"},{"angle":330,"played":false,"time":151.5,"endangle":330,"speedmult":1,"autoplayed":false,"type":"inverse"},{"angle":330,"played":false,"time":151,"endangle":330,"speedmult":1,"autoplayed":false,"type":"beat"},{"angle":0,"played":false,"time":150.75,"endangle":0,"speedmult":1,"autoplayed":false,"type":"beat"},{"angle":30,"played":false,"time":150.5,"endangle":30,"speedmult":1,"autoplayed":false,"type":"beat"},{"angle":90,"played":false,"time":149.5,"endangle":90,"speedmult":1,"autoplayed":false,"type":"inverse"},{"angle":60,"played":false,"time":150,"endangle":60,"speedmult":1,"autoplayed":false,"type":"inverse"},{"angle":60,"played":false,"type":"beat","endangle":60,"time":149,"autoplayed":false,"speedmult":1},{"angle":30,"played":false,"type":"beat","endangle":30,"time":148.75,"autoplayed":false,"speedmult":1},{"angle":0,"played":false,"type":"beat","endangle":0,"time":148.5,"autoplayed":false,"speedmult":1},{"angle":330,"played":false,"type":"inverse","endangle":330,"time":148,"autoplayed":false,"speedmult":1},{"angle":300,"played":false,"type":"inverse","endangle":300,"time":147.5,"autoplayed":false,"speedmult":1},{"angle":300,"played":false,"type":"beat","endangle":300,"time":147,"autoplayed":false,"speedmult":1},{"angle":330,"played":false,"type":"beat","endangle":330,"time":146.75,"autoplayed":false,"speedmult":1},{"angle":0,"played":false,"type":"beat","endangle":0,"time":146.5,"autoplayed":false,"speedmult":1},{"angle":30,"played":false,"type":"inverse","endangle":30,"time":146,"autoplayed":false,"speedmult":1},{"angle":30,"played":false,"type":"inverse","endangle":30,"time":145.5,"autoplayed":false,"speedmult":1},{"angle":30,"played":false,"type":"beat","endangle":30,"time":145,"autoplayed":false,"speedmult":1},{"angle":60,"played":false,"type":"beat","endangle":60,"time":144.75,"autoplayed":false,"speedmult":1},{"angle":90,"played":false,"type":"beat","endangle":90,"time":144.5,"autoplayed":false,"speedmult":1},{"angle":90,"played":false,"type":"inverse","endangle":90,"time":144,"autoplayed":false,"speedmult":1},{"angle":90,"played":false,"speedmult":1,"type":"beat","time":143.75,"autoplayed":false,"endangle":90},{"angle":120,"played":false,"speedmult":1,"type":"beat","time":143.5,"autoplayed":false,"endangle":120},{"angle":150,"played":false,"speedmult":1,"type":"beat","time":143.25,"autoplayed":false,"endangle":150},{"angle":180,"played":false,"speedmult":1,"type":"beat","time":143,"autoplayed":false,"endangle":180},{"angle":210,"played":false,"speedmult":1,"type":"beat","time":142.75,"autoplayed":false,"endangle":210},{"angle":180,"played":false,"speedmult":1,"type":"beat","time":142.5,"autoplayed":false,"endangle":180},{"angle":210,"played":false,"speedmult":1,"type":"beat","time":142.25,"autoplayed":false,"endangle":210},{"angle":180,"played":false,"speedmult":1,"type":"beat","time":142,"autoplayed":false,"endangle":180},{"angle":150,"played":false,"speedmult":1,"type":"beat","time":141.75,"autoplayed":false,"endangle":150},{"angle":120,"played":false,"speedmult":1,"type":"beat","time":141.5,"autoplayed":false,"endangle":120},{"angle":90,"played":false,"speedmult":1,"type":"beat","time":141.25,"autoplayed":false,"endangle":90},{"angle":60,"played":false,"speedmult":1,"type":"beat","time":141,"autoplayed":false,"endangle":60},{"angle":30,"played":false,"speedmult":1,"type":"beat","time":140.75,"autoplayed":false,"endangle":30},{"angle":0,"played":false,"speedmult":1,"type":"beat","time":140.5,"autoplayed":false,"endangle":0},{"angle":330,"played":false,"speedmult":1,"type":"beat","time":140.25,"autoplayed":false,"endangle":330},{"angle":300,"played":false,"speedmult":1,"type":"beat","time":140,"autoplayed":false,"endangle":300},{"angle":270,"played":false,"speedmult":1,"type":"beat","time":139.75,"autoplayed":false,"endangle":270},{"angle":240,"played":false,"speedmult":1,"type":"beat","time":139.5,"autoplayed":false,"endangle":240},{"angle":210,"played":false,"speedmult":1,"type":"beat","time":139.25,"autoplayed":false,"endangle":210},{"angle":180,"played":false,"speedmult":1,"type":"beat","time":139,"autoplayed":false,"endangle":180},{"angle":150,"played":false,"speedmult":1,"type":"beat","time":138.75,"autoplayed":false,"endangle":150},{"angle":120,"played":false,"speedmult":1,"type":"beat","time":138.5,"autoplayed":false,"endangle":120},{"angle":90,"played":false,"speedmult":1,"type":"beat","time":138.25,"autoplayed":false,"endangle":90},{"angle":60,"played":false,"speedmult":1,"type":"beat","time":138,"autoplayed":false,"endangle":60},{"angle":30,"played":false,"speedmult":1,"type":"beat","time":137.75,"autoplayed":false,"endangle":30},{"angle":0,"played":false,"speedmult":1,"type":"beat","time":137.5,"autoplayed":false,"endangle":0},{"angle":330,"played":false,"speedmult":1,"type":"beat","time":137.25,"autoplayed":false,"endangle":330},{"angle":300,"played":false,"speedmult":1,"type":"beat","time":137,"autoplayed":false,"endangle":300},{"angle":270,"played":false,"speedmult":1,"type":"beat","time":136.75,"autoplayed":false,"endangle":270},{"angle":240,"played":false,"speedmult":1,"type":"beat","time":136.5,"autoplayed":false,"endangle":240},{"angle":210,"played":false,"speedmult":1,"type":"beat","time":136.25,"autoplayed":false,"endangle":210},{"angle":180,"played":false,"speedmult":1,"type":"beat","time":136,"autoplayed":false,"endangle":180},{"angle":210,"played":false,"speedmult":1,"type":"beat","time":135.75,"autoplayed":false,"endangle":210},{"angle":180,"played":false,"speedmult":1,"type":"beat","time":135.5,"autoplayed":false,"endangle":180},{"angle":210,"played":false,"speedmult":1,"type":"beat","time":135.25,"autoplayed":false,"endangle":210},{"angle":180,"played":false,"speedmult":1,"type":"beat","time":135,"autoplayed":false,"endangle":180},{"angle":150,"played":false,"speedmult":1,"type":"beat","time":134.75,"autoplayed":false,"endangle":150},{"angle":180,"played":false,"speedmult":1,"type":"beat","time":134.5,"autoplayed":false,"endangle":180},{"angle":150,"played":false,"speedmult":1,"type":"beat","time":134.25,"autoplayed":false,"endangle":150},{"angle":180,"played":false,"speedmult":1,"type":"beat","time":134,"autoplayed":false,"endangle":180},{"angle":210,"played":false,"speedmult":1,"type":"beat","time":133.75,"autoplayed":false,"endangle":210},{"angle":240,"played":false,"speedmult":1,"type":"beat","time":133.5,"autoplayed":false,"endangle":240},{"angle":270,"played":false,"speedmult":1,"type":"beat","time":133.25,"autoplayed":false,"endangle":270},{"angle":300,"played":false,"speedmult":1,"type":"beat","time":133,"autoplayed":false,"endangle":300},{"angle":330,"played":false,"speedmult":1,"type":"beat","time":132.75,"autoplayed":false,"endangle":330},{"angle":0,"played":false,"speedmult":1,"type":"beat","time":132.5,"autoplayed":false,"endangle":0},{"angle":30,"played":false,"speedmult":1,"type":"beat","time":132.25,"autoplayed":false,"endangle":30},{"angle":60,"played":false,"speedmult":1,"type":"beat","time":132,"autoplayed":false,"endangle":60},{"angle":90,"played":false,"speedmult":1,"type":"beat","time":131.75,"autoplayed":false,"endangle":90},{"angle":120,"played":false,"speedmult":1,"type":"beat","time":131.5,"autoplayed":false,"endangle":120},{"angle":150,"played":false,"speedmult":1,"type":"beat","time":131.25,"autoplayed":false,"endangle":150},{"angle":180,"played":false,"speedmult":1,"type":"beat","time":131,"autoplayed":false,"endangle":180},{"angle":210,"played":false,"speedmult":1,"type":"beat","time":130.75,"autoplayed":false,"endangle":210},{"angle":240,"played":false,"speedmult":1,"type":"beat","time":130.5,"autoplayed":false,"endangle":240},{"angle":270,"played":false,"speedmult":1,"type":"beat","time":130.25,"autoplayed":false,"endangle":270},{"angle":300,"played":false,"speedmult":1,"type":"beat","time":130,"autoplayed":false,"endangle":300},{"angle":330,"played":false,"speedmult":1,"type":"beat","time":129.75,"autoplayed":false,"endangle":330},{"angle":0,"played":false,"speedmult":1,"type":"beat","time":129.5,"autoplayed":false,"endangle":0},{"angle":30,"played":false,"speedmult":1,"type":"beat","time":129.25,"autoplayed":false,"endangle":30},{"angle":60,"played":false,"speedmult":1,"type":"beat","time":129,"autoplayed":false,"endangle":60},{"angle":90,"played":false,"speedmult":1,"type":"beat","time":128.75,"autoplayed":false,"endangle":90},{"angle":120,"played":false,"speedmult":1,"type":"beat","time":128.5,"autoplayed":false,"endangle":120},{"angle":150,"played":false,"speedmult":1,"type":"beat","time":128.25,"autoplayed":false,"endangle":150},{"angle":180,"played":false,"speedmult":1,"type":"beat","time":128,"autoplayed":false,"endangle":180},{"angle":150,"played":false,"speedmult":1,"type":"beat","time":127.75,"autoplayed":false,"endangle":150},{"angle":180,"played":false,"speedmult":1,"type":"beat","time":127.5,"autoplayed":false,"endangle":180},{"angle":150,"played":false,"speedmult":1,"type":"beat","time":127.25,"autoplayed":false,"endangle":150},{"angle":180,"played":false,"speedmult":1,"type":"beat","time":127,"autoplayed":false,"endangle":180},{"angle":210,"played":false,"speedmult":1,"type":"beat","time":126.75,"autoplayed":false,"endangle":210},{"angle":180,"played":false,"speedmult":1,"type":"beat","time":126.5,"autoplayed":false,"endangle":180},{"angle":210,"played":false,"speedmult":1,"type":"beat","time":126.25,"autoplayed":false,"endangle":210},{"angle":180,"played":false,"speedmult":1,"type":"beat","time":126,"autoplayed":false,"endangle":180},{"angle":150,"played":false,"speedmult":1,"type":"beat","time":125.75,"autoplayed":false,"endangle":150},{"angle":120,"played":false,"speedmult":1,"type":"beat","time":125.5,"autoplayed":false,"endangle":120},{"angle":90,"played":false,"speedmult":1,"type":"beat","time":125.25,"autoplayed":false,"endangle":90},{"angle":60,"played":false,"speedmult":1,"type":"beat","time":125,"autoplayed":false,"endangle":60},{"angle":30,"played":false,"speedmult":1,"type":"beat","time":124.75,"autoplayed":false,"endangle":30},{"angle":0,"played":false,"speedmult":1,"type":"beat","time":124.5,"autoplayed":false,"endangle":0},{"angle":330,"played":false,"speedmult":1,"type":"beat","time":124.25,"autoplayed":false,"endangle":330},{"angle":300,"played":false,"speedmult":1,"type":"beat","time":124,"autoplayed":false,"endangle":300},{"angle":270,"played":false,"speedmult":1,"type":"beat","time":123.75,"autoplayed":false,"endangle":270},{"angle":240,"played":false,"speedmult":1,"type":"beat","time":123.5,"autoplayed":false,"endangle":240},{"angle":210,"played":false,"speedmult":1,"type":"beat","time":123.25,"autoplayed":false,"endangle":210},{"angle":180,"played":false,"speedmult":1,"type":"beat","time":123,"autoplayed":false,"endangle":180},{"angle":150,"played":false,"speedmult":1,"type":"beat","time":122.75,"autoplayed":false,"endangle":150},{"angle":120,"played":false,"speedmult":1,"type":"beat","time":122.5,"autoplayed":false,"endangle":120},{"angle":90,"played":false,"speedmult":1,"type":"beat","time":122.25,"autoplayed":false,"endangle":90},{"angle":60,"played":false,"speedmult":1,"type":"beat","time":122,"autoplayed":false,"endangle":60},{"angle":30,"played":false,"speedmult":1,"type":"beat","time":121.75,"autoplayed":false,"endangle":30},{"angle":0,"played":false,"speedmult":1,"type":"beat","time":121.5,"autoplayed":false,"endangle":0},{"angle":330,"played":false,"speedmult":1,"type":"beat","time":121.25,"autoplayed":false,"endangle":330},{"angle":300,"played":false,"speedmult":1,"type":"beat","time":121,"autoplayed":false,"endangle":300},{"angle":270,"played":false,"speedmult":1,"type":"beat","time":120.75,"autoplayed":false,"endangle":270},{"angle":240,"played":false,"speedmult":1,"type":"beat","time":120.5,"autoplayed":false,"endangle":240},{"angle":210,"played":false,"speedmult":1,"type":"beat","time":120.25,"autoplayed":false,"endangle":210},{"angle":180,"played":false,"speedmult":1,"type":"beat","time":120,"autoplayed":false,"endangle":180},{"angle":210,"played":false,"speedmult":1,"type":"beat","time":119.75,"autoplayed":false,"endangle":210},{"angle":180,"played":false,"speedmult":1,"type":"beat","time":119.5,"autoplayed":false,"endangle":180},{"angle":210,"played":false,"speedmult":1,"type":"beat","time":119.25,"autoplayed":false,"endangle":210},{"angle":180,"played":false,"speedmult":1,"type":"beat","time":119,"autoplayed":false,"endangle":180},{"angle":150,"played":false,"speedmult":1,"type":"beat","time":118.75,"autoplayed":false,"endangle":150},{"angle":180,"played":false,"speedmult":1,"type":"beat","time":118.5,"autoplayed":false,"endangle":180},{"angle":150,"played":false,"speedmult":1,"type":"beat","time":118.25,"autoplayed":false,"endangle":150},{"angle":180,"played":false,"speedmult":1,"type":"beat","time":118,"autoplayed":false,"endangle":180},{"angle":210,"played":false,"speedmult":1,"type":"beat","time":117.75,"autoplayed":false,"endangle":210},{"angle":240,"played":false,"speedmult":1,"type":"beat","time":117.5,"autoplayed":false,"endangle":240},{"angle":270,"played":false,"speedmult":1,"type":"beat","time":117.25,"autoplayed":false,"endangle":270},{"angle":300,"played":false,"speedmult":1,"type":"beat","time":117,"autoplayed":false,"endangle":300},{"angle":330,"played":false,"speedmult":1,"type":"beat","time":116.75,"autoplayed":false,"endangle":330},{"angle":0,"played":false,"speedmult":1,"type":"beat","time":116.5,"autoplayed":false,"endangle":0},{"angle":30,"played":false,"speedmult":1,"type":"beat","time":116.25,"autoplayed":false,"endangle":30},{"angle":60,"played":false,"speedmult":1,"type":"beat","time":116,"autoplayed":false,"endangle":60},{"angle":90,"played":false,"speedmult":1,"type":"beat","time":115.75,"autoplayed":false,"endangle":90},{"angle":120,"played":false,"speedmult":1,"type":"beat","time":115.5,"autoplayed":false,"endangle":120},{"angle":150,"played":false,"speedmult":1,"type":"beat","time":115.25,"autoplayed":false,"endangle":150},{"angle":180,"played":false,"speedmult":1,"type":"beat","time":115,"autoplayed":false,"endangle":180},{"angle":210,"played":false,"speedmult":1,"type":"beat","time":114.75,"autoplayed":false,"endangle":210},{"angle":240,"played":false,"speedmult":1,"type":"beat","time":114.5,"autoplayed":false,"endangle":240},{"angle":270,"played":false,"speedmult":1,"type":"beat","time":114.25,"autoplayed":false,"endangle":270},{"angle":300,"played":false,"speedmult":1,"type":"beat","time":114,"autoplayed":false,"endangle":300},{"angle":330,"played":false,"speedmult":1,"type":"beat","time":113.75,"autoplayed":false,"endangle":330},{"angle":0,"played":false,"speedmult":1,"type":"beat","time":113.5,"autoplayed":false,"endangle":0},{"angle":30,"played":false,"speedmult":1,"type":"beat","time":113.25,"autoplayed":false,"endangle":30},{"angle":60,"played":false,"speedmult":1,"type":"beat","time":113,"autoplayed":false,"endangle":60},{"angle":90,"played":false,"speedmult":1,"type":"beat","time":112.75,"autoplayed":false,"endangle":90},{"angle":120,"played":false,"speedmult":1,"type":"beat","time":112.5,"autoplayed":false,"endangle":120},{"angle":150,"played":false,"speedmult":1,"type":"beat","time":112.25,"autoplayed":false,"endangle":150},{"angle":180,"played":false,"speedmult":1,"type":"beat","time":112,"autoplayed":false,"endangle":180},{"angle":180,"played":false,"speedmult":1,"type":"beat","time":111.5,"autoplayed":false,"endangle":180},{"angle":210,"played":false,"speedmult":1,"type":"beat","time":108,"autoplayed":false,"endangle":210},{"angle":150,"played":false,"speedmult":1,"type":"beat","time":107.5,"autoplayed":false,"endangle":150},{"angle":195,"played":false,"speedmult":1,"type":"inverse","time":111,"autoplayed":false,"endangle":195},{"angle":165,"played":false,"speedmult":1,"type":"inverse","time":110.75,"autoplayed":false,"endangle":165},{"angle":195,"played":false,"speedmult":1,"type":"inverse","time":110.5,"autoplayed":false,"endangle":195},{"angle":165,"played":false,"speedmult":1,"type":"inverse","time":110.25,"autoplayed":false,"endangle":165},{"angle":180,"played":false,"speedmult":1,"type":"inverse","time":109.5,"autoplayed":false,"endangle":180},{"angle":180,"played":false,"speedmult":1,"type":"inverse","time":110,"autoplayed":false,"endangle":180},{"angle":195,"played":false,"speedmult":1,"type":"inverse","time":109.75,"autoplayed":false,"endangle":195},{"angle":180,"played":false,"speedmult":1,"type":"inverse","time":108.5,"autoplayed":false,"endangle":180},{"angle":165,"played":false,"speedmult":1,"type":"inverse","time":106.25,"autoplayed":false,"endangle":165},{"angle":150,"played":false,"speedmult":1,"type":"inverse","time":106,"autoplayed":false,"endangle":150},{"angle":165,"played":false,"speedmult":1,"type":"inverse","time":105.75,"autoplayed":false,"endangle":165},{"angle":150,"played":false,"speedmult":1,"type":"inverse","time":105.5,"autoplayed":false,"endangle":150},{"angle":165,"played":false,"speedmult":1,"type":"inverse","time":105.25,"autoplayed":false,"endangle":165},{"angle":180,"played":false,"speedmult":1,"type":"inverse","time":105,"autoplayed":false,"endangle":180},{"angle":180,"played":false,"speedmult":1,"type":"beat","time":104.5,"autoplayed":false,"endangle":180},{"angle":195,"played":false,"speedmult":1,"type":"beat","time":104.25,"autoplayed":false,"endangle":195},{"angle":210,"played":false,"speedmult":1,"type":"beat","time":104,"autoplayed":false,"endangle":210},{"angle":225,"played":false,"speedmult":1,"type":"beat","time":103.75,"autoplayed":false,"endangle":225},{"angle":240,"played":false,"speedmult":1,"type":"beat","time":103.5,"autoplayed":false,"endangle":240},{"angle":270,"played":false,"speedmult":1,"type":"beat","time":102.75,"autoplayed":false,"endangle":270},{"angle":270,"played":false,"speedmult":1,"type":"inverse","time":101.5,"autoplayed":false,"endangle":270},{"angle":270,"played":false,"speedmult":1,"type":"inverse","time":100.5,"autoplayed":false,"endangle":270},{"angle":300,"played":false,"speedmult":1,"type":"inverse","time":100,"autoplayed":false,"endangle":300},{"angle":315,"played":false,"speedmult":1,"type":"inverse","time":99.75,"autoplayed":false,"endangle":315},{"angle":330,"played":false,"speedmult":1,"type":"inverse","time":99.5,"autoplayed":false,"endangle":330},{"angle":345,"played":false,"speedmult":1,"type":"inverse","time":99.25,"autoplayed":false,"endangle":345},{"angle":0,"played":false,"speedmult":1,"type":"inverse","time":99,"autoplayed":false,"endangle":0},{"angle":0,"played":false,"speedmult":1,"type":"beat","time":98.5,"autoplayed":false,"endangle":0},{"angle":30,"played":false,"speedmult":1,"type":"beat","time":97,"autoplayed":false,"endangle":30},{"angle":45,"played":false,"speedmult":1,"type":"beat","time":96.75,"autoplayed":false,"endangle":45},{"angle":60,"played":false,"speedmult":1,"type":"beat","time":96.5,"autoplayed":false,"endangle":60},{"angle":75,"played":false,"speedmult":1,"type":"beat","time":96.25,"autoplayed":false,"endangle":75},{"angle":90,"played":false,"speedmult":1,"type":"inverse","time":95.75,"autoplayed":false,"endangle":90},{"angle":90,"played":false,"speedmult":1,"type":"beat","time":96,"autoplayed":false,"endangle":90},{"angle":90,"played":false,"speedmult":1,"type":"inverse","time":95.25,"autoplayed":false,"endangle":90},{"angle":90,"played":false,"speedmult":1,"type":"inverse","time":95.5,"autoplayed":false,"endangle":90},{"angle":120,"played":false,"endangle":120,"type":"beat","speedmult":1,"autoplayed":false,"time":85},{"angle":150,"played":false,"endangle":150,"type":"beat","speedmult":1,"autoplayed":false,"time":84.75},{"angle":180,"played":false,"endangle":180,"type":"beat","speedmult":1,"autoplayed":false,"time":84.5},{"angle":180,"played":false,"endangle":180,"type":"inverse","speedmult":1,"autoplayed":false,"time":84},{"angle":180,"played":false,"endangle":180,"type":"inverse","speedmult":1,"autoplayed":false,"time":83.5},{"angle":150,"played":false,"endangle":150,"type":"beat","speedmult":1,"autoplayed":false,"time":78.75},{"angle":180,"played":false,"endangle":180,"type":"beat","speedmult":1,"autoplayed":false,"time":78.5},{"angle":180,"played":false,"endangle":180,"type":"beat","speedmult":1,"autoplayed":false,"time":79},{"angle":180,"played":false,"endangle":180,"type":"inverse","speedmult":1,"autoplayed":false,"time":78},{"angle":180,"played":false,"endangle":180,"type":"inverse","speedmult":1,"autoplayed":false,"time":77.5},{"angle":150,"played":false,"time":66.75,"endangle":150,"speedmult":1,"autoplayed":false,"type":"beat"},{"angle":180,"played":false,"time":67,"endangle":180,"speedmult":1,"autoplayed":false,"type":"beat"},{"angle":210,"played":false,"time":67.5,"endangle":210,"speedmult":1,"autoplayed":false,"type":"inverse"},{"angle":210,"played":false,"time":76.75,"endangle":210,"speedmult":1,"autoplayed":false,"type":"beat"},{"angle":180,"played":false,"time":77,"endangle":180,"speedmult":1,"autoplayed":false,"type":"beat"},{"angle":180,"played":false,"time":83,"endangle":180,"speedmult":1,"autoplayed":false,"type":"beat"},{"angle":210,"played":false,"time":82.75,"endangle":210,"speedmult":1,"autoplayed":false,"type":"beat"},{"angle":180,"played":false,"time":93,"endangle":180,"speedmult":1,"autoplayed":false,"type":"beat"},{"angle":150,"played":false,"time":92.75,"endangle":150,"speedmult":1,"autoplayed":false,"type":"beat"},{"angle":0,"played":false,"time":71,"endangle":0,"speedmult":1,"autoplayed":false,"type":"beat"},{"angle":180,"played":false,"time":0,"endangle":180,"speedmult":1,"autoplayed":false,"type":"beat"},{"bpm":164,"played":false,"type":"play","time":0,"autoplayed":false,"file":"orbitalcolossus.wav"},{"angle":135,"played":false,"type":"beat","time":0.5,"autoplayed":false,"speedmult":1},{"angle":90,"played":false,"type":"beat","time":1,"autoplayed":false,"speedmult":1},{"angle":45,"played":false,"type":"beat","time":1.5,"autoplayed":false,"speedmult":1},{"angle":180,"played":false,"type":"beat","time":2,"autoplayed":false,"speedmult":1},{"angle":135,"played":false,"type":"beat","time":2.5,"autoplayed":false,"speedmult":1},{"angle":90,"played":false,"type":"beat","time":3,"autoplayed":false,"speedmult":1},{"angle":45,"played":false,"type":"beat","time":3.5,"autoplayed":false,"speedmult":1},{"angle":180,"played":false,"type":"beat","time":4,"autoplayed":false,"speedmult":1},{"angle":135,"played":false,"type":"beat","time":4.5,"autoplayed":false,"speedmult":1},{"angle":90,"played":false,"type":"beat","time":5,"autoplayed":false,"speedmult":1},{"angle":45,"played":false,"type":"beat","time":5.5,"autoplayed":false,"speedmult":1},{"angle":180,"played":false,"type":"beat","time":6,"autoplayed":false,"speedmult":1},{"angle":135,"played":false,"type":"beat","time":6.5,"autoplayed":false,"speedmult":1},{"angle":90,"played":false,"type":"beat","time":7,"autoplayed":false,"speedmult":1},{"angle":45,"played":false,"type":"beat","time":7.5,"autoplayed":false,"speedmult":1},{"angle":135,"played":false,"type":"beat","time":8,"autoplayed":false,"speedmult":1},{"angle":180,"played":false,"type":"beat","time":8.5,"autoplayed":false,"speedmult":1},{"angle":225,"played":false,"type":"beat","time":9,"autoplayed":false,"speedmult":1},{"angle":270,"played":false,"type":"beat","time":9.5,"autoplayed":false,"speedmult":1},{"angle":135,"played":false,"type":"beat","time":10,"autoplayed":false,"speedmult":1},{"angle":180,"played":false,"type":"beat","time":10.5,"autoplayed":false,"speedmult":1},{"angle":225,"played":false,"type":"beat","time":11,"autoplayed":false,"speedmult":1},{"angle":270,"played":false,"type":"beat","time":11.5,"autoplayed":false,"speedmult":1},{"angle":135,"played":false,"type":"beat","time":12,"autoplayed":false,"speedmult":1},{"angle":180,"played":false,"type":"beat","time":12.5,"autoplayed":false,"speedmult":1},{"angle":225,"played":false,"type":"beat","time":13,"autoplayed":false,"speedmult":1},{"angle":270,"played":false,"type":"beat","time":13.5,"autoplayed":false,"speedmult":1},{"angle":135,"played":false,"type":"beat","time":14,"autoplayed":false,"speedmult":1},{"angle":180,"played":false,"type":"beat","time":14.5,"autoplayed":false,"speedmult":1},{"angle":225,"played":false,"type":"beat","time":15,"autoplayed":false,"speedmult":1},{"angle":270,"played":false,"type":"beat","time":15.5,"autoplayed":false,"speedmult":1},{"angle":225,"played":false,"type":"beat","time":16,"autoplayed":false,"speedmult":1},{"angle":270,"played":false,"type":"beat","time":16.5,"autoplayed":false,"speedmult":1},{"angle":315,"played":false,"type":"beat","time":17,"autoplayed":false,"speedmult":1},{"angle":360,"played":false,"type":"beat","time":17.5,"autoplayed":false,"speedmult":1},{"angle":315,"played":false,"type":"beat","time":18,"autoplayed":false,"speedmult":1},{"angle":270,"played":false,"type":"beat","time":18.5,"autoplayed":false,"speedmult":1},{"angle":225,"played":false,"type":"beat","time":19,"autoplayed":false,"speedmult":1},{"angle":180,"played":false,"type":"beat","time":19.5,"autoplayed":false,"speedmult":1},{"angle":135,"played":false,"type":"beat","time":20,"autoplayed":false,"speedmult":1},{"angle":90,"played":false,"type":"beat","time":20.5,"autoplayed":false,"speedmult":1},{"angle":45,"played":false,"type":"beat","time":21,"autoplayed":false,"speedmult":1},{"angle":0,"played":false,"type":"beat","time":21.5,"autoplayed":false,"speedmult":1},{"angle":45,"played":false,"type":"beat","time":22,"autoplayed":false,"speedmult":1},{"angle":90,"played":false,"type":"beat","time":22.5,"autoplayed":false,"speedmult":1},{"angle":135,"played":false,"type":"beat","time":23,"autoplayed":false,"speedmult":1},{"angle":180,"played":false,"type":"beat","time":23.5,"autoplayed":false,"speedmult":1},{"angle":180,"played":false,"type":"beat","time":24,"autoplayed":false,"speedmult":1},{"angle":135,"played":false,"type":"beat","time":24.5,"autoplayed":false,"speedmult":1},{"angle":90,"played":false,"type":"beat","time":25,"autoplayed":false,"speedmult":1},{"angle":45,"played":false,"type":"beat","time":25.5,"autoplayed":false,"speedmult":1},{"angle":180,"played":false,"type":"beat","time":26,"autoplayed":false,"speedmult":1},{"angle":135,"played":false,"type":"beat","time":26.5,"autoplayed":false,"speedmult":1},{"angle":90,"played":false,"type":"beat","time":27,"autoplayed":false,"speedmult":1},{"angle":45,"played":false,"type":"beat","time":27.5,"autoplayed":false,"speedmult":1},{"angle":45,"played":false,"type":"beat","time":28,"autoplayed":false,"speedmult":1},{"angle":0,"played":false,"type":"beat","time":28.5,"autoplayed":false,"speedmult":1},{"angle":90,"played":false,"type":"beat","time":29,"autoplayed":false,"speedmult":1},{"angle":45,"played":false,"type":"beat","time":29.5,"autoplayed":false,"speedmult":1},{"angle":135,"played":false,"type":"beat","time":30,"autoplayed":false,"speedmult":1},{"angle":90,"played":false,"type":"beat","time":30.5,"autoplayed":false,"speedmult":1},{"angle":180,"played":false,"type":"beat","time":31,"autoplayed":false,"speedmult":1},{"angle":135,"played":false,"type":"beat","time":31.5,"autoplayed":false,"speedmult":1},{"angle":-180,"played":false,"type":"beat","time":32,"autoplayed":false,"speedmult":1},{"angle":-135,"played":false,"type":"beat","time":32.5,"autoplayed":false,"speedmult":1},{"angle":-90,"played":false,"type":"beat","time":33,"autoplayed":false,"speedmult":1},{"angle":-45,"played":false,"type":"beat","time":33.5,"autoplayed":false,"speedmult":1},{"angle":-180,"played":false,"type":"beat","time":34,"autoplayed":false,"speedmult":1},{"angle":-135,"played":false,"type":"beat","time":34.5,"autoplayed":false,"speedmult":1},{"angle":-90,"played":false,"type":"beat","time":35,"autoplayed":false,"speedmult":1},{"angle":-45,"played":false,"type":"beat","time":35.5,"autoplayed":false,"speedmult":1},{"angle":-180,"played":false,"type":"beat","time":36,"autoplayed":false,"speedmult":1},{"angle":-135,"played":false,"type":"beat","time":36.5,"autoplayed":false,"speedmult":1},{"angle":-90,"played":false,"type":"beat","time":37,"autoplayed":false,"speedmult":1},{"angle":-45,"played":false,"type":"beat","time":37.5,"autoplayed":false,"speedmult":1},{"angle":-180,"played":false,"type":"beat","time":38,"autoplayed":false,"speedmult":1},{"angle":-135,"played":false,"type":"beat","time":38.5,"autoplayed":false,"speedmult":1},{"angle":-90,"played":false,"type":"beat","time":39,"autoplayed":false,"speedmult":1},{"angle":-45,"played":false,"type":"beat","time":39.5,"autoplayed":false,"speedmult":1},{"angle":-135,"played":false,"type":"beat","time":40,"autoplayed":false,"speedmult":1},{"angle":-180,"played":false,"type":"beat","time":40.5,"autoplayed":false,"speedmult":1},{"angle":-225,"played":false,"type":"beat","time":41,"autoplayed":false,"speedmult":1},{"angle":-270,"played":false,"type":"beat","time":41.5,"autoplayed":false,"speedmult":1},{"angle":-135,"played":false,"type":"beat","time":42,"autoplayed":false,"speedmult":1},{"angle":-180,"played":false,"type":"beat","time":42.5,"autoplayed":false,"speedmult":1},{"angle":-225,"played":false,"type":"beat","time":43,"autoplayed":false,"speedmult":1},{"angle":-270,"played":false,"type":"beat","time":43.5,"autoplayed":false,"speedmult":1},{"angle":-135,"played":false,"type":"beat","time":44,"autoplayed":false,"speedmult":1},{"angle":-180,"played":false,"type":"beat","time":44.5,"autoplayed":false,"speedmult":1},{"angle":-225,"played":false,"type":"beat","time":45,"autoplayed":false,"speedmult":1},{"angle":-270,"played":false,"type":"beat","time":45.5,"autoplayed":false,"speedmult":1},{"angle":-135,"played":false,"type":"beat","time":46,"autoplayed":false,"speedmult":1},{"angle":-180,"played":false,"type":"beat","time":46.5,"autoplayed":false,"speedmult":1},{"angle":-225,"played":false,"type":"beat","time":47,"autoplayed":false,"speedmult":1},{"angle":-270,"played":false,"type":"beat","time":47.5,"autoplayed":false,"speedmult":1},{"angle":-225,"played":false,"type":"beat","time":48,"autoplayed":false,"speedmult":1},{"angle":-270,"played":false,"type":"beat","time":48.5,"autoplayed":false,"speedmult":1},{"angle":-315,"played":false,"type":"beat","time":49,"autoplayed":false,"speedmult":1},{"angle":-360,"played":false,"type":"beat","time":49.5,"autoplayed":false,"speedmult":1},{"angle":-315,"played":false,"type":"beat","time":50,"autoplayed":false,"speedmult":1},{"angle":-270,"played":false,"type":"beat","time":50.5,"autoplayed":false,"speedmult":1},{"angle":-225,"played":false,"type":"beat","time":51,"autoplayed":false,"speedmult":1},{"angle":-180,"played":false,"type":"beat","time":51.5,"autoplayed":false,"speedmult":1},{"angle":-135,"played":false,"type":"beat","time":52,"autoplayed":false,"speedmult":1},{"angle":-90,"played":false,"type":"beat","time":52.5,"autoplayed":false,"speedmult":1},{"angle":-45,"played":false,"type":"beat","time":53,"autoplayed":false,"speedmult":1},{"angle":0,"played":false,"type":"beat","time":53.5,"autoplayed":false,"speedmult":1},{"angle":-45,"played":false,"type":"beat","time":54,"autoplayed":false,"speedmult":1},{"angle":-90,"played":false,"type":"beat","time":54.5,"autoplayed":false,"speedmult":1},{"angle":-135,"played":false,"type":"beat","time":55,"autoplayed":false,"speedmult":1},{"angle":-180,"played":false,"type":"beat","time":55.5,"autoplayed":false,"speedmult":1},{"angle":-180,"played":false,"type":"beat","time":56,"autoplayed":false,"speedmult":1},{"angle":-135,"played":false,"type":"beat","time":56.5,"autoplayed":false,"speedmult":1},{"angle":-90,"played":false,"type":"beat","time":57,"autoplayed":false,"speedmult":1},{"angle":-45,"played":false,"type":"beat","time":57.5,"autoplayed":false,"speedmult":1},{"angle":-180,"played":false,"type":"beat","time":58,"autoplayed":false,"speedmult":1},{"angle":-135,"played":false,"type":"beat","time":58.5,"autoplayed":false,"speedmult":1},{"angle":-90,"played":false,"type":"beat","time":59,"autoplayed":false,"speedmult":1},{"angle":-45,"played":false,"type":"beat","time":59.5,"autoplayed":false,"speedmult":1},{"angle":-45,"played":false,"type":"beat","time":60,"autoplayed":false,"speedmult":1},{"angle":0,"played":false,"type":"beat","time":60.5,"autoplayed":false,"speedmult":1},{"angle":-90,"played":false,"type":"beat","time":61,"autoplayed":false,"speedmult":1},{"angle":-45,"played":false,"type":"beat","time":61.5,"autoplayed":false,"speedmult":1},{"angle":-135,"played":false,"type":"beat","time":62,"autoplayed":false,"speedmult":1},{"angle":-90,"played":false,"type":"beat","time":62.5,"autoplayed":false,"speedmult":1},{"angle":-180,"played":false,"type":"beat","time":63,"autoplayed":false,"speedmult":1},{"angle":-135,"played":false,"type":"beat","time":63.5,"autoplayed":false,"speedmult":1},{"angle":180,"played":false,"type":"inverse","time":64,"autoplayed":false,"speedmult":1},{"angle":180,"played":false,"type":"beat","time":64.5,"autoplayed":false,"speedmult":1},{"angle":150,"played":false,"type":"beat","time":64.75,"autoplayed":false,"speedmult":1},{"angle":120,"played":false,"type":"beat","time":65,"autoplayed":false,"speedmult":1},{"angle":120,"played":false,"type":"inverse","time":65.5,"autoplayed":false,"speedmult":1},{"angle":120,"played":false,"type":"inverse","time":66,"autoplayed":false,"speedmult":1},{"angle":120,"played":false,"type":"beat","time":66.5,"autoplayed":false,"speedmult":1},{"angle":-150,"played":false,"type":"inverse","time":68,"autoplayed":false,"speedmult":1},{"angle":-150,"played":false,"type":"beat","time":68.5,"autoplayed":false,"speedmult":1},{"angle":-120,"played":false,"type":"beat","time":68.75,"autoplayed":false,"speedmult":1},{"angle":-90,"played":false,"type":"beat","time":69,"autoplayed":false,"speedmult":1},{"angle":-60,"played":false,"type":"inverse","time":69.5,"autoplayed":false,"speedmult":1},{"angle":-60,"played":false,"type":"inverse","time":70,"autoplayed":false,"speedmult":1},{"angle":-60,"played":false,"type":"beat","time":70.5,"autoplayed":false,"speedmult":1},{"angle":-30,"played":false,"type":"beat","time":70.75,"autoplayed":false,"speedmult":1},{"angle":60,"played":false,"type":"inverse","time":71.5,"autoplayed":false,"speedmult":1},{"angle":120,"played":false,"type":"inverse","time":72,"autoplayed":false,"speedmult":1},{"angle":120,"played":false,"type":"beat","time":72.5,"autoplayed":false,"speedmult":1},{"angle":90,"played":false,"type":"beat","time":72.75,"autoplayed":false,"speedmult":1},{"angle":60,"played":false,"type":"beat","time":73,"autoplayed":false,"speedmult":1},{"angle":60,"played":false,"type":"inverse","time":73.5,"autoplayed":false,"speedmult":1},{"angle":60,"played":false,"type":"inverse","time":74,"autoplayed":false,"speedmult":1},{"angle":60,"played":false,"type":"beat","time":74.5,"autoplayed":false,"speedmult":1},{"angle":30,"played":false,"type":"beat","time":74.75,"autoplayed":false,"speedmult":1},{"angle":0,"played":false,"type":"beat","time":75,"autoplayed":false,"speedmult":1},{"angle":-60,"played":false,"type":"inverse","time":75.5,"autoplayed":false,"speedmult":1},{"angle":-120,"played":false,"type":"inverse","time":76,"autoplayed":false,"speedmult":1},{"angle":-120,"played":false,"type":"beat","time":76.5,"autoplayed":false,"speedmult":1},{"angle":-180,"played":false,"type":"inverse","time":79.5,"autoplayed":false,"speedmult":1},{"angle":-180,"played":false,"type":"inverse","time":80,"autoplayed":false,"speedmult":1},{"angle":-180,"played":false,"type":"beat","time":80.5,"autoplayed":false,"speedmult":1},{"angle":-150,"played":false,"type":"beat","time":80.75,"autoplayed":false,"speedmult":1},{"angle":-120,"played":false,"type":"beat","time":81,"autoplayed":false,"speedmult":1},{"angle":-120,"played":false,"type":"inverse","time":81.5,"autoplayed":false,"speedmult":1},{"angle":-120,"played":false,"type":"inverse","time":82,"autoplayed":false,"speedmult":1},{"angle":-120,"played":false,"type":"beat","time":82.5,"autoplayed":false,"speedmult":1},{"angle":60,"played":false,"type":"inverse","time":85.5,"autoplayed":false,"speedmult":1},{"angle":60,"played":false,"type":"inverse","time":86,"autoplayed":false,"speedmult":1},{"angle":60,"played":false,"type":"beat","time":86.5,"autoplayed":false,"speedmult":1},{"angle":30,"played":false,"type":"beat","time":86.75,"autoplayed":false,"speedmult":1},{"angle":0,"played":false,"type":"beat","time":87,"autoplayed":false,"speedmult":1},{"angle":-60,"played":false,"type":"inverse","time":87.5,"autoplayed":false,"speedmult":1},{"angle":-120,"played":false,"type":"inverse","time":88,"autoplayed":false,"speedmult":1},{"angle":-120,"played":false,"type":"beat","time":88.5,"autoplayed":false,"speedmult":1},{"angle":-90,"played":false,"type":"beat","time":88.75,"autoplayed":false,"speedmult":1},{"angle":-60,"played":false,"type":"beat","time":89,"autoplayed":false,"speedmult":1},{"angle":-60,"played":false,"type":"inverse","time":89.5,"autoplayed":false,"speedmult":1},{"angle":-60,"played":false,"type":"inverse","time":90,"autoplayed":false,"speedmult":1},{"angle":-60,"played":false,"type":"beat","time":90.5,"autoplayed":false,"speedmult":1},{"angle":-30,"played":false,"type":"beat","time":90.75,"autoplayed":false,"speedmult":1},{"angle":0,"played":false,"type":"beat","time":91,"autoplayed":false,"speedmult":1},{"angle":60,"played":false,"type":"inverse","time":91.5,"autoplayed":false,"speedmult":1},{"angle":120,"played":false,"type":"inverse","time":92,"autoplayed":false,"speedmult":1},{"angle":120,"played":false,"type":"beat","time":92.5,"autoplayed":false,"speedmult":1},{"angle":150,"played":false,"type":"inverse","time":93.5,"autoplayed":false,"speedmult":1},{"angle":150,"played":false,"type":"inverse","time":94,"autoplayed":false,"speedmult":1},{"angle":150,"played":false,"type":"beat","time":94.5,"autoplayed":false,"speedmult":1},{"angle":120,"played":false,"type":"beat","time":94.75,"autoplayed":false,"speedmult":1},{"angle":90,"played":false,"type":"beat","time":95,"autoplayed":false,"speedmult":1}],"properties":{"startbeat":0,"offset":10,"speed":60}}