{"metadata":{"artist":"Camellia","songname":"Body F10ating in the Zero Gravity Space","charter":"Rikri","description":"asdfghjkl"},"bpm":170,"events":[{"angle":337.5,"played":false,"speedmult":1,"type":"beat","time":105.75,"autoplayed":false,"endangle":337.5},{"angle":202.5,"played":false,"speedmult":1,"type":"beat","time":102.75,"autoplayed":false,"endangle":202.5},{"angle":22.5,"played":false,"speedmult":1,"type":"beat","time":97.75,"autoplayed":false,"endangle":22.5},{"angle":247.5,"played":false,"speedmult":1,"type":"beat","time":94.75,"autoplayed":false,"endangle":247.5},{"angle":67.5,"played":false,"speedmult":1,"type":"beat","time":89.75,"autoplayed":false,"endangle":67.5},{"angle":292.5,"played":false,"speedmult":1,"type":"beat","time":86.75,"autoplayed":false,"endangle":292.5},{"angle":135,"played":false,"endangle":135,"type":"slice","speedmult":1,"autoplayed":false,"time":115.75},{"angle":180,"played":false,"endangle":180,"type":"slice","speedmult":1,"autoplayed":false,"time":115.5},{"angle":225,"played":false,"endangle":225,"type":"slice","speedmult":1,"autoplayed":false,"time":115.25},{"angle":90,"played":false,"endangle":90,"type":"slice","speedmult":1,"autoplayed":false,"time":116},{"angle":270,"played":false,"endangle":270,"type":"slice","speedmult":1,"autoplayed":false,"time":115},{"angle":180,"played":false,"endangle":180,"type":"beat","speedmult":1,"autoplayed":false,"time":114.5},{"angle":135,"played":false,"endangle":135,"type":"beat","speedmult":1,"autoplayed":false,"time":114},{"angle":45,"played":false,"endangle":45,"type":"inverse","speedmult":1,"autoplayed":false,"time":113.5},{"angle":90,"played":false,"endangle":90,"type":"beat","speedmult":1,"autoplayed":false,"time":113},{"angle":135,"played":false,"endangle":135,"type":"beat","speedmult":1,"autoplayed":false,"time":112.5},{"angle":180,"played":false,"endangle":180,"type":"beat","speedmult":1,"autoplayed":false,"time":112},{"angle":270,"played":false,"endangle":270,"type":"inverse","speedmult":1,"autoplayed":false,"time":111.5},{"angle":225,"played":false,"endangle":225,"type":"beat","speedmult":1,"autoplayed":false,"time":111},{"angle":180,"played":false,"endangle":180,"type":"beat","speedmult":1,"autoplayed":false,"time":110.5},{"angle":90,"played":false,"endangle":90,"type":"inverse","speedmult":1,"autoplayed":false,"time":110},{"angle":135,"played":false,"endangle":135,"type":"beat","speedmult":1,"autoplayed":false,"time":109.5},{"angle":180,"played":false,"endangle":180,"type":"beat","speedmult":1,"autoplayed":false,"time":109},{"angle":225,"played":false,"endangle":225,"type":"beat","speedmult":1,"autoplayed":false,"time":108.5},{"angle":315,"played":false,"endangle":315,"type":"inverse","speedmult":1,"autoplayed":false,"time":108},{"angle":0,"played":false,"endangle":0,"type":"beat","speedmult":1,"autoplayed":false,"time":107.5},{"angle":0,"played":false,"endangle":0,"type":"beat","speedmult":1,"autoplayed":false,"time":106.5},{"angle":315,"played":false,"endangle":315,"type":"beat","speedmult":1,"autoplayed":false,"time":106},{"angle":45,"played":false,"endangle":45,"type":"beat","speedmult":1,"autoplayed":false,"time":107},{"angle":0,"played":false,"endangle":0,"type":"beat","speedmult":1,"autoplayed":false,"time":105.5},{"angle":45,"played":false,"endangle":45,"type":"beat","speedmult":1,"autoplayed":false,"time":105},{"angle":90,"played":false,"endangle":90,"type":"beat","speedmult":1,"autoplayed":false,"time":104.5},{"angle":135,"played":false,"endangle":135,"type":"beat","speedmult":1,"autoplayed":false,"time":104},{"angle":180,"played":false,"endangle":180,"type":"beat","speedmult":1,"autoplayed":false,"time":103.5},{"angle":225,"played":false,"endangle":225,"type":"beat","speedmult":1,"autoplayed":false,"time":103},{"angle":180,"played":false,"endangle":180,"type":"beat","speedmult":1,"autoplayed":false,"time":102.5},{"angle":135,"played":false,"endangle":135,"type":"beat","speedmult":1,"autoplayed":false,"time":102},{"angle":180,"played":false,"endangle":180,"type":"beat","speedmult":1,"autoplayed":false,"time":101.5},{"angle":225,"played":false,"endangle":225,"type":"beat","speedmult":1,"autoplayed":false,"time":101},{"angle":270,"played":false,"endangle":270,"type":"beat","speedmult":1,"autoplayed":false,"time":100.5},{"angle":0,"played":false,"endangle":0,"type":"inverse","speedmult":1,"autoplayed":false,"time":100},{"angle":45,"played":false,"endangle":45,"type":"beat","speedmult":1,"autoplayed":false,"time":99.5},{"angle":90,"played":false,"endangle":90,"type":"beat","speedmult":1,"autoplayed":false,"time":99},{"angle":45,"played":false,"endangle":45,"type":"beat","speedmult":1,"autoplayed":false,"time":98.5},{"angle":0,"played":false,"endangle":0,"type":"beat","speedmult":1,"autoplayed":false,"time":98},{"angle":45,"played":false,"endangle":45,"type":"beat","speedmult":1,"autoplayed":false,"time":97.5},{"angle":90,"played":false,"endangle":90,"type":"beat","speedmult":1,"autoplayed":false,"time":97},{"angle":135,"played":false,"endangle":135,"type":"beat","speedmult":1,"autoplayed":false,"time":96.5},{"angle":180,"played":false,"endangle":180,"type":"beat","speedmult":1,"autoplayed":false,"time":96},{"angle":225,"played":false,"endangle":225,"type":"beat","speedmult":1,"autoplayed":false,"time":95.5},{"angle":270,"played":false,"endangle":270,"type":"beat","speedmult":1,"autoplayed":false,"time":95},{"angle":225,"played":false,"endangle":225,"type":"beat","speedmult":1,"autoplayed":false,"time":94.5},{"angle":180,"played":false,"endangle":180,"type":"beat","speedmult":1,"autoplayed":false,"time":94},{"angle":225,"played":false,"endangle":225,"type":"beat","speedmult":1,"autoplayed":false,"time":93.5},{"angle":270,"played":false,"endangle":270,"type":"beat","speedmult":1,"autoplayed":false,"time":93},{"angle":315,"played":false,"endangle":315,"type":"beat","speedmult":1,"autoplayed":false,"time":92.5},{"angle":45,"played":false,"endangle":45,"type":"inverse","speedmult":1,"autoplayed":false,"time":92},{"angle":90,"played":false,"endangle":90,"type":"beat","speedmult":1,"autoplayed":false,"time":91.5},{"angle":135,"played":false,"endangle":135,"type":"beat","speedmult":1,"autoplayed":false,"time":91},{"angle":90,"played":false,"endangle":90,"type":"beat","speedmult":1,"autoplayed":false,"time":90.5},{"angle":45,"played":false,"endangle":45,"type":"beat","speedmult":1,"autoplayed":false,"time":90},{"angle":90,"played":false,"endangle":90,"type":"beat","speedmult":1,"autoplayed":false,"time":89.5},{"angle":135,"played":false,"endangle":135,"type":"beat","speedmult":1,"autoplayed":false,"time":89},{"angle":180,"played":false,"endangle":180,"type":"beat","speedmult":1,"autoplayed":false,"time":88.5},{"angle":225,"played":false,"endangle":225,"type":"beat","speedmult":1,"autoplayed":false,"time":88},{"angle":270,"played":false,"endangle":270,"type":"beat","speedmult":1,"autoplayed":false,"time":87.5},{"angle":315,"played":false,"endangle":315,"type":"beat","speedmult":1,"autoplayed":false,"time":87},{"angle":270,"played":false,"endangle":270,"type":"beat","speedmult":1,"autoplayed":false,"time":86.5},{"angle":225,"played":false,"endangle":225,"type":"beat","speedmult":1,"autoplayed":false,"time":86},{"angle":270,"played":false,"endangle":270,"type":"beat","speedmult":1,"autoplayed":false,"time":85.5},{"angle":315,"played":false,"endangle":315,"type":"beat","speedmult":1,"autoplayed":false,"time":85},{"angle":0,"played":false,"endangle":0,"type":"beat","speedmult":1,"autoplayed":false,"time":84.5},{"angle":90,"played":false,"endangle":90,"type":"inverse","speedmult":1,"autoplayed":false,"time":84},{"angle":45,"played":false,"endangle":45,"type":"beat","speedmult":1,"autoplayed":false,"time":83.5},{"angle":0,"played":false,"endangle":0,"type":"beat","speedmult":1,"autoplayed":false,"time":83},{"angle":315,"played":false,"endangle":315,"type":"beat","speedmult":1,"autoplayed":false,"time":82.5},{"angle":270,"played":false,"endangle":270,"type":"beat","speedmult":1,"autoplayed":false,"time":82},{"angle":180,"played":false,"endangle":180,"type":"inverse","speedmult":1,"autoplayed":false,"time":81.5},{"angle":225,"played":false,"endangle":225,"type":"beat","speedmult":1,"autoplayed":false,"time":81},{"angle":270,"played":false,"endangle":270,"type":"beat","speedmult":1,"autoplayed":false,"time":80.5},{"angle":315,"played":false,"endangle":315,"type":"beat","speedmult":1,"autoplayed":false,"time":80},{"angle":0,"played":false,"time":79,"endangle":0,"speedmult":1,"autoplayed":false,"type":"beat"},{"angle":315,"played":false,"time":78.5,"endangle":315,"speedmult":1,"autoplayed":false,"type":"beat"},{"angle":225,"played":false,"time":78,"endangle":225,"speedmult":1,"autoplayed":false,"type":"inverse"},{"angle":180,"played":false,"time":75,"endangle":180,"speedmult":1,"autoplayed":false,"type":"beat"},{"angle":135,"played":false,"time":74.5,"endangle":135,"speedmult":1,"autoplayed":false,"type":"beat"},{"angle":45,"played":false,"time":79.5,"endangle":45,"speedmult":1,"autoplayed":false,"type":"inverse"},{"angle":270,"played":false,"time":77.5,"endangle":270,"speedmult":1,"autoplayed":false,"type":"beat"},{"angle":315,"played":false,"time":77,"endangle":315,"speedmult":1,"autoplayed":false,"type":"beat"},{"angle":0,"played":false,"time":76.5,"endangle":0,"speedmult":1,"autoplayed":false,"type":"beat"},{"angle":90,"played":false,"time":76,"endangle":90,"speedmult":1,"autoplayed":false,"type":"inverse"},{"angle":135,"played":false,"time":75.5,"endangle":135,"speedmult":1,"autoplayed":false,"type":"beat"},{"angle":90,"played":false,"time":74,"endangle":90,"speedmult":1,"autoplayed":false,"type":"beat"},{"angle":135,"played":false,"time":73.5,"endangle":135,"speedmult":1,"autoplayed":false,"type":"beat"},{"angle":180,"played":false,"time":73,"endangle":180,"speedmult":1,"autoplayed":false,"type":"beat"},{"angle":225,"played":false,"time":72.5,"endangle":225,"speedmult":1,"autoplayed":false,"type":"beat"},{"angle":270,"played":false,"time":72,"endangle":270,"speedmult":1,"autoplayed":false,"type":"beat"},{"angle":315,"played":false,"time":71.5,"endangle":315,"speedmult":1,"autoplayed":false,"type":"beat"},{"angle":0,"played":false,"time":71,"endangle":0,"speedmult":1,"autoplayed":false,"type":"beat"},{"angle":315,"played":false,"time":70.5,"endangle":315,"speedmult":1,"autoplayed":false,"type":"beat"},{"angle":270,"played":false,"type":"beat","endangle":270,"time":64.5,"autoplayed":false,"speedmult":1},{"angle":270,"played":false,"type":"beat","endangle":270,"time":70,"autoplayed":false,"speedmult":1},{"angle":315,"played":false,"type":"beat","endangle":315,"time":69.5,"autoplayed":false,"speedmult":1},{"angle":0,"played":false,"type":"beat","endangle":0,"time":69,"autoplayed":false,"speedmult":1},{"angle":45,"played":false,"type":"beat","endangle":45,"time":68.5,"autoplayed":false,"speedmult":1},{"angle":135,"played":false,"type":"inverse","endangle":135,"time":68,"autoplayed":false,"speedmult":1},{"angle":180,"played":false,"type":"beat","endangle":180,"time":67.5,"autoplayed":false,"speedmult":1},{"angle":225,"played":false,"type":"beat","endangle":225,"time":67,"autoplayed":false,"speedmult":1},{"angle":180,"played":false,"type":"beat","endangle":180,"time":66.5,"autoplayed":false,"speedmult":1},{"angle":135,"played":false,"type":"beat","endangle":135,"time":66,"autoplayed":false,"speedmult":1},{"angle":180,"played":false,"type":"beat","endangle":180,"time":65.5,"autoplayed":false,"speedmult":1},{"angle":225,"played":false,"type":"beat","endangle":225,"time":65,"autoplayed":false,"speedmult":1},{"angle":315,"played":false,"type":"beat","endangle":315,"time":64,"autoplayed":false,"speedmult":1},{"angle":0,"played":false,"type":"beat","endangle":0,"time":63.5,"autoplayed":false,"speedmult":1},{"angle":45,"played":false,"type":"beat","endangle":45,"time":63,"autoplayed":false,"speedmult":1},{"angle":0,"played":false,"type":"beat","endangle":0,"time":62.5,"autoplayed":false,"speedmult":1},{"angle":270,"played":false,"type":"beat","endangle":270,"time":59,"autoplayed":false,"speedmult":1},{"angle":180,"played":false,"type":"beat","endangle":180,"time":58,"autoplayed":false,"speedmult":1},{"angle":225,"played":false,"type":"beat","endangle":225,"time":59.5,"autoplayed":false,"speedmult":1},{"angle":225,"played":false,"type":"beat","endangle":225,"time":58.5,"autoplayed":false,"speedmult":1},{"angle":90,"played":false,"type":"beat","endangle":90,"time":60.5,"autoplayed":false,"speedmult":1},{"angle":180,"played":false,"type":"inverse","endangle":180,"time":60,"autoplayed":false,"speedmult":1},{"angle":315,"played":false,"type":"beat","endangle":315,"time":62,"autoplayed":false,"speedmult":1},{"angle":0,"played":false,"type":"beat","endangle":0,"time":61.5,"autoplayed":false,"speedmult":1},{"angle":45,"played":false,"type":"beat","endangle":45,"time":61,"autoplayed":false,"speedmult":1},{"angle":225,"played":false,"type":"beat","endangle":225,"time":57.5,"autoplayed":false,"speedmult":1},{"angle":270,"played":false,"type":"beat","endangle":270,"time":57,"autoplayed":false,"speedmult":1},{"angle":315,"played":false,"type":"beat","endangle":315,"time":56.5,"autoplayed":false,"speedmult":1},{"angle":0,"played":false,"type":"beat","endangle":0,"time":56,"autoplayed":false,"speedmult":1},{"angle":45,"played":false,"type":"beat","endangle":45,"time":55.5,"autoplayed":false,"speedmult":1},{"angle":90,"played":false,"type":"beat","endangle":90,"time":55,"autoplayed":false,"speedmult":1},{"angle":45,"played":false,"type":"beat","endangle":45,"time":54.5,"autoplayed":false,"speedmult":1},{"angle":0,"played":false,"type":"beat","endangle":0,"time":54,"autoplayed":false,"speedmult":1},{"angle":45,"played":false,"type":"beat","endangle":45,"time":53.5,"autoplayed":false,"speedmult":1},{"angle":90,"played":false,"type":"beat","endangle":90,"time":53,"autoplayed":false,"speedmult":1},{"angle":135,"played":false,"type":"beat","endangle":135,"time":52.5,"autoplayed":false,"speedmult":1},{"angle":180,"played":false,"type":"beat","endangle":180,"time":52,"autoplayed":false,"speedmult":1},{"bpm":170,"played":false,"type":"play","time":0,"autoplayed":false,"file":"bodyfloating.wav"}],"properties":{"offset":8,"startbeat":52,"speed":40}}