{
   "properties":{
      "speed":60,
      "startbeat":0,
      "offset":8
   },
   "events":[
      {
         "type":"play",
         "time":0,
         "bpm":130,
         "file":"bappy.wav"
      },
      {
         "type":"beat",
         "speedmult":1,
         "angle":0,
         "time":0
      },
      {
         "type":"beat",
         "speedmult":1,
         "angle":0,
         "time":0.6666
      },
      {
         "type":"hold",
         "speedmult":0.75,
         "angle1":45,
         "duration":1,
         "angle2":0,
         "time":1
      },
      {
         "type":"multipulse",
         "delay":3,
         "reps":7,
         "time":1
      },
      {
         "type":"beat",
         "speedmult":1,
         "angle":90,
         "time":3
      },
      {
         "type":"beat",
         "speedmult":1,
         "angle":180,
         "time":4
      },
      {
         "type":"beat",
         "speedmult":1,
         "angle":190,
         "time":4.3333
      },
      {
         "type":"beat",
         "speedmult":1,
         "angle":160,
         "time":4.6666
      },
      {
         "type":"beat",
         "speedmult":1,
         "angle":210,
         "time":5
      },
      {
         "type":"beat",
         "speedmult":1,
         "angle":180,
         "time":6
      },
      {
         "type":"beat",
         "speedmult":1,
         "angle":180,
         "time":6.6666
      },
      {
         "type":"hold",
         "speedmult":0.75,
         "angle1":225,
         "duration":1,
         "angle2":180,
         "time":7
      },
      {
         "type":"beat",
         "speedmult":1,
         "angle":270,
         "time":9
      },
      {
         "type":"beat",
         "speedmult":1,
         "angle":0,
         "time":10
      },
      {
         "type":"beat",
         "speedmult":1,
         "angle":10,
         "time":10.3333
      },
      {
         "type":"beat",
         "speedmult":1,
         "angle":-20,
         "time":10.6666
      },
      {
         "type":"beat",
         "speedmult":1,
         "angle":30,
         "time":11
      },
      {
         "type":"beat",
         "speedmult":1,
         "angle":0,
         "time":12
      },
      {
         "type":"beat",
         "speedmult":1,
         "angle":-30,
         "time":12.6666
      },
      {
         "type":"beat",
         "speedmult":1,
         "angle":270,
         "time":13
      },
      {
         "type":"beat",
         "speedmult":1,
         "angle":180,
         "time":14
      },
      {
         "type":"beat",
         "speedmult":1,
         "angle":90,
         "time":15
      },
      {
         "type":"beat",
         "speedmult":1,
         "angle":0,
         "time":16
      },
      {
         "type":"beat",
         "speedmult":1,
         "angle":270,
         "time":17
      },
      {
         "type":"beat",
         "speedmult":1,
         "angle":0,
         "time":18
      },
      {
         "type":"beat",
         "speedmult":1,
         "angle":0,
         "time":18.6666
      },
      {
         "type":"beat",
         "speedmult":1,
         "angle":-45,
         "time":19
      },
      {
         "type":"beat",
         "speedmult":1,
         "angle":45,
         "time":20
      },
      {
         "type":"beat",
         "speedmult":1,
         "angle":-45,
         "time":21
      },
      {
         "type":"beat",
         "speedmult":1,
         "angle":0,
         "time":22
      },
      {
         "type":"beat",
         "speedmult":1,
         "angle":10,
         "time":22.3333
      },
      {
         "type":"beat",
         "speedmult":1,
         "angle":-20,
         "time":22.6666
      },
      {
         "type":"beat",
         "speedmult":1,
         "angle":30,
         "time":23
      },
      {
         "type":"showresults",
         "time":24
      }
   ],
   "metadata":{
      "songname":"Happy Birthday (8-Bit)",
      "artist":"Xeno Sound",
      "charter":"DPS2004 + Rikri",
      "description":"qwertyuiop"
   }
}